JobID,RoleName,Skill
ai-engineer-at-ifs-4285393282,AI Engineer,Advanced Database Design & Management
ai-engineer-at-ifs-4285393282,AI Engineer,Application Testing & Security
ai-engineer-at-ifs-4285393282,AI Engineer,BI Solution Implementation
ai-engineer-at-ifs-4285393282,AI Engineer,Enterprise Storage Solutions
ai-engineer-at-ifs-4285393282,AI Engineer,Integration & Applications
ai-engineer-at-ifs-4285393282,AI Engineer,OS Concepts & Architecture
ai-engineer-at-ifs-4285393282,AI Engineer,RESTful Web Services
ai-engineer-at-ifs-4285393282,AI Engineer,Software Design & Testing
ai-engineer-at-ifs-4285393282,AI Engineer,Software Development & Engineering Practices
ai-engineer-at-ifs-4285393282,AI Engineer,Software Development Processes
ai-engineer-at-ifs-4285393282,AI Engineer,Software Testing & Unit Testing
ai-research-engineer-agentic-ai-intelligent-automation-at-robotic-assistance-devices-4320474225,AI Research Engineer - Agentic AI & Intelligent Automation,Academic Communication Skills
ai-research-engineer-agentic-ai-intelligent-automation-at-robotic-assistance-devices-4320474225,AI Research Engineer - Agentic AI & Intelligent Automation,Data Engineering & BI Analytics
ai-research-engineer-agentic-ai-intelligent-automation-at-robotic-assistance-devices-4320474225,AI Research Engineer - Agentic AI & Intelligent Automation,Information Systems & Database Design
ai-research-engineer-agentic-ai-intelligent-automation-at-robotic-assistance-devices-4320474225,AI Research Engineer - Agentic AI & Intelligent Automation,Integration & Applications
ai-research-engineer-agentic-ai-intelligent-automation-at-robotic-assistance-devices-4320474225,AI Research Engineer - Agentic AI & Intelligent Automation,Software Design & Testing
ai-research-engineer-agentic-ai-intelligent-automation-at-robotic-assistance-devices-4320474225,AI Research Engineer - Agentic AI & Intelligent Automation,Software Testing & Unit Testing
ai-research-engineer-computer-vision-analytics-at-robotic-assistance-devices-4320434287,AI Research Engineer Computer Vision & Analytics,Calculus & Differentiation
ai-research-engineer-computer-vision-analytics-at-robotic-assistance-devices-4320434287,AI Research Engineer Computer Vision & Analytics,Data Engineering & BI Analytics
ai-research-engineer-computer-vision-analytics-at-robotic-assistance-devices-4320434287,AI Research Engineer Computer Vision & Analytics,Integration & Applications
ai-research-engineer-computer-vision-analytics-at-robotic-assistance-devices-4320434287,AI Research Engineer Computer Vision & Analytics,Machine Learning & Optimization
ai-research-engineer-computer-vision-analytics-at-robotic-assistance-devices-4320434287,AI Research Engineer Computer Vision & Analytics,OS Concepts & Architecture
ai-research-engineer-computer-vision-analytics-at-robotic-assistance-devices-4320434287,AI Research Engineer Computer Vision & Analytics,Probability Distributions
ai-research-engineer-computer-vision-analytics-at-robotic-assistance-devices-4320434287,AI Research Engineer Computer Vision & Analytics,Problem Solving & Algorithm Development
ai-research-engineer-computer-vision-analytics-at-robotic-assistance-devices-4320434287,AI Research Engineer Computer Vision & Analytics,Software Life Cycle Modeling
ai-research-engineer-computer-vision-analytics-at-robotic-assistance-devices-4320434287,AI Research Engineer Computer Vision & Analytics,Software Testing & Unit Testing
ai-ml-engineer-at-rsc-solutions-4323135079,ML Engineer,Machine Learning & Optimization
ai-ml-engineer-at-rsc-solutions-4323135079,ML Engineer,OS Concepts & Architecture
ai-engineer-new-grad-at-traversal-4336826567,AI Engineer - New Grad,Cloud Database Setup
ai-engineer-new-grad-at-traversal-4336826567,AI Engineer - New Grad,Integration & Applications
ai-ml-engineer-at-oracle-4337407644,ML Engineer,Software Development & Engineering Practices
ai-ml-engineer-at-emerson-4295163204,ML Engineer,Advanced Database Design & Management
ai-ml-engineer-at-emerson-4295163204,ML Engineer,Data Engineering & BI Analytics
ai-ml-engineer-at-emerson-4295163204,ML Engineer,Database Security & Performance Optimization
ai-ml-engineer-at-emerson-4295163204,ML Engineer,IT Project Management & Execution
ai-ml-engineer-at-emerson-4295163204,ML Engineer,Integration & Applications
ai-ml-engineer-at-emerson-4295163204,ML Engineer,Machine Learning & Optimization
ai-ml-engineer-at-emerson-4295163204,ML Engineer,Software Development & Engineering Practices
ai-ml-engineer-at-emerson-4295163204,ML Engineer,Software Development Processes
ai-ml-engineer-at-emerson-4295163204,ML Engineer,Time Series Analysis
ai-ml-engineer-at-aivar-innovations-4340978167,ML Engineer,BI Solution Implementation
data-analyst-at-syra-health-4340986838,Data Analyst,Academic Communication Skills
data-analyst-at-syra-health-4340986838,Data Analyst,Hypothesis Testing
data-analyst-at-syra-health-4340986838,Data Analyst,Software Testing & Unit Testing
data-analyst-at-syra-health-4340986838,Data Analyst,Statistical Modeling & Data Analysis
data-analyst-at-exxonmobil-4337073004,Data Analyst,Advanced Database Design & Management
data-analyst-at-exxonmobil-4337073004,Data Analyst,Data Engineering & BI Analytics
data-analyst-at-exxonmobil-4337073004,Data Analyst,Data Handling & Media Integration
data-analyst-at-exxonmobil-4337073004,Data Analyst,Database Security & Performance Optimization
data-analyst-at-exxonmobil-4337073004,Data Analyst,Documentation & Presentation Skills
data-analyst-at-exxonmobil-4337073004,Data Analyst,Information Security Analytics
data-analyst-at-exxonmobil-4337073004,Data Analyst,Information Systems & Database Design
data-analyst-at-exxonmobil-4337073004,Data Analyst,Information Systems Analysis
data-analyst-at-exxonmobil-4337073004,Data Analyst,Integration & Applications
data-analyst-at-exxonmobil-4337073004,Data Analyst,Machine Learning & Optimization
data-analyst-at-exxonmobil-4337073004,Data Analyst,Strategic IS & Decision Support
data-analyst-at-exxonmobil-4337073004,Data Analyst,Team Organization & Collaboration
data-analyst-at-allied-consultants-inc-4323015156,Data Analyst,Information Systems & Database Design
data-analyst-at-allied-consultants-inc-4323015156,Data Analyst,Information Systems Analysis
data-analyst-at-allied-consultants-inc-4323015156,Data Analyst,Strategic IS & Decision Support
data-analyst-t500-20905-at-delta-air-lines-4315163413,Data Analyst,Data Engineering & BI Analytics
am-data-analyst-at-medanta-4335443971,Data Analyst,Hypothesis Testing
am-data-analyst-at-medanta-4335443971,Data Analyst,Strategic IS & Decision Support
data-analyst-at-persistent-systems-4341161525,Data Analyst,Data Engineering & BI Analytics
data-analyst-at-sparknovatechsolutions-4323143326,Data Analyst,Strategic IS & Decision Support
data-analytics-analyst-t500-20967-at-inspire-4317817468,Data Analytics Analyst [T500-20967],Information Security Analytics
data-analytics-analyst-t500-20967-at-inspire-4317817468,Data Analytics Analyst [T500-20967],Information Systems Analysis
data-analyst-at-tata-consultancy-services-4322750798,Data Analyst,Machine Learning & Optimization
data-analyst-at-dgh-recruitment-4323055410,Data Analyst,Strategic IS & Decision Support
data-analyst-at-haystack-4323115216,Data Analyst,Algorithm Design Techniques
senior-data-engineer-at-cube-4320435637,Senior Data Engineer,Data Engineering & BI Analytics
senior-data-engineer-at-cube-4320435637,Senior Data Engineer,Database Security & Performance Optimization
data-engineer-solution-architect-at-therighttalent-4322125938,Data Engineer & Solution Architect,Data Engineering & BI Analytics
data-engineer-solution-architect-at-therighttalent-4322125938,Data Engineer & Solution Architect,Data Modeling & ER Diagrams
data-engineer-solution-architect-at-therighttalent-4322125938,Data Engineer & Solution Architect,Enterprise Storage Solutions
data-engineer-solution-architect-at-therighttalent-4322125938,Data Engineer & Solution Architect,Information Security Analytics
data-engineer-solution-architect-at-therighttalent-4322125938,Data Engineer & Solution Architect,Information Systems & Database Design
data-engineer-solution-architect-at-therighttalent-4322125938,Data Engineer & Solution Architect,Integration & Applications
data-engineer-solution-architect-at-therighttalent-4322125938,Data Engineer & Solution Architect,Machine Learning & Optimization
data-engineer-solution-architect-at-therighttalent-4322125938,Data Engineer & Solution Architect,Security Monitoring & Reporting
data-engineer-solution-architect-at-therighttalent-4322125938,Data Engineer & Solution Architect,Strategic IS & Decision Support
data-engineer-at-lazard-4306156872,Data Engineer,Data Engineering & BI Analytics
data-engineer-at-lazard-4306156872,Data Engineer,Data Representation & Computer Architecture
data-engineer-at-lazard-4306156872,Data Engineer,Documentation & Presentation Skills
data-engineer-at-lazard-4306156872,Data Engineer,Integration & Applications
data-engineer-at-lazard-4306156872,Data Engineer,OS Concepts & Architecture
data-engineer-at-lazard-4306156872,Data Engineer,Security Monitoring & Reporting
data-engineer-at-lazard-4306156872,Data Engineer,Software Development & Engineering Practices
data-engineer-go-to-market-at-google-4323267394,"Data Engineer, Go-To-Market",C++ Programming Implementation
data-engineer-go-to-market-at-google-4323267394,"Data Engineer, Go-To-Market",Integration & Applications
data-engineer-go-to-market-at-google-4323267394,"Data Engineer, Go-To-Market",SQL Querying & Database Programming
data-engineer-go-to-market-at-google-4323267394,"Data Engineer, Go-To-Market",Statistical Modeling & Data Analysis
data-engineer-iii-t500-19720-at-mcdonald-s-4312072305,Data Engineer III [T500-19720],Data Engineering & BI Analytics
data-engineer-iii-t500-19720-at-mcdonald-s-4312072305,Data Engineer III [T500-19720],Software Development & Engineering Practices
data-engineer-iii-t500-19720-at-mcdonald-s-4312072305,Data Engineer III [T500-19720],Software Development Processes
data-engineer-at-albert-invent-4341328373,Data Engineer,Computer Systems & Networking
data-engineer-at-albert-invent-4341328373,Data Engineer,Database Security & Performance Optimization
junior-data%C2%A0engineer-at-uptitude-4323174686,Junior Data Engineer,Data Engineering & BI Analytics
junior-data%C2%A0engineer-at-uptitude-4323174686,Junior Data Engineer,Data Warehousing Architecture
junior-data%C2%A0engineer-at-uptitude-4323174686,Junior Data Engineer,Software Development & Engineering Practices
data-engineer-python-sql-spark-etl-at-staples-india-4323033705,"Data Engineer (Python, SQL, Spark, ETL)",Data Engineering & BI Analytics
data-engineer-python-sql-spark-etl-at-staples-india-4323033705,"Data Engineer (Python, SQL, Spark, ETL)",Information Security Analytics
data-engineer-python-sql-spark-etl-at-staples-india-4323033705,"Data Engineer (Python, SQL, Spark, ETL)",Information Systems Analysis
data-engineer-python-sql-spark-etl-at-staples-india-4323033705,"Data Engineer (Python, SQL, Spark, ETL)",Machine Learning & Optimization
senior-devops-engineer-at-qlub-4322000594,Senior DevOps Engineer,Team Organization & Collaboration
devops-engineer-at-lseg-4338141523,DevOps Engineer,Application Testing & Security
devops-engineer-at-lseg-4338141523,DevOps Engineer,BI Solution Implementation
devops-engineer-at-lseg-4338141523,DevOps Engineer,Java & Object-Oriented Application Development
devops-engineer-at-lseg-4338141523,DevOps Engineer,Object-Oriented Design & Programming
devops-engineer-at-lseg-4338141523,DevOps Engineer,Strategic IS & Decision Support
senior-devops-engineer-at-coveragex-sri-lanka-4323172766,Senior DevOps Engineer,BI Solution Implementation
senior-devops-engineer-at-coveragex-sri-lanka-4323172766,Senior DevOps Engineer,Software Development & Engineering Practices
senior-devops-engineer-at-coveragex-sri-lanka-4323172766,Senior DevOps Engineer,Software Development Processes
senior-devops-engineer-at-coveragex-sri-lanka-4323172766,Senior DevOps Engineer,Software Engineering Fundamentals
senior-devops-engineer-at-coveragex-sri-lanka-4323172766,Senior DevOps Engineer,Vulnerability Assessment
lead-devops-engineer-at-lseg-4251776269,Lead Devops Engineer,Application Testing & Security
lead-devops-engineer-at-lseg-4251776269,Lead Devops Engineer,BI Solution Implementation
lead-devops-engineer-at-lseg-4251776269,Lead Devops Engineer,Computer Systems & Networking
lead-devops-engineer-at-lseg-4251776269,Lead Devops Engineer,Software Design & Testing
lead-devops-engineer-at-lseg-4251776269,Lead Devops Engineer,Software Development & Engineering Practices
lead-devops-engineer-at-lseg-4251776269,Lead Devops Engineer,Software Development Processes
lead-devops-engineer-at-lseg-4251776269,Lead Devops Engineer,Software Testing & Unit Testing
lead-devops-engineer-at-lseg-4251776269,Lead Devops Engineer,Team Organization & Collaboration
devops-engineer-at-paramount-4335876548,DevOps Engineer,Integration & Applications
devops-engineer-at-paramount-4335876548,DevOps Engineer,Social Media & Digital Content
devops-engineer-at-kiakia-finance-4341890095,DevOps Engineer,Vulnerability Assessment
devops-engineer-at-infosys-4298628792,Devops Engineer,Application Testing & Security
devops-engineer-at-infosys-4298628792,Devops Engineer,Software Design & Testing
devops-engineer-at-infosys-4298628792,Devops Engineer,Software Development Processes
devops-engineer-at-razorpay-4340066795,DevOps Engineer,Application Testing & Security
devops-engineer-at-razorpay-4340066795,DevOps Engineer,Software Design & Testing
devops-engineer-at-razorpay-4340066795,DevOps Engineer,Software Development & Engineering Practices
devops-engineer-at-razorpay-4340066795,DevOps Engineer,Software Development Processes
devops-engineer-at-infosys-4320032037,Devops Engineer,Software Development Processes
software-engineer-%E2%80%93-swift-flutter%C2%A0-ec-46-at-eyepax-4334543608,Software Engineer,Android OS & Application Components
software-engineer-%E2%80%93-swift-flutter%C2%A0-ec-46-at-eyepax-4334543608,Software Engineer,Integration & Applications
software-engineer-%E2%80%93-swift-flutter%C2%A0-ec-46-at-eyepax-4334543608,Software Engineer,Mobile Application Design & Development
software-engineer-%E2%80%93-swift-flutter%C2%A0-ec-46-at-eyepax-4334543608,Software Engineer,OS Concepts & Architecture
software-engineer-%E2%80%93-swift-flutter%C2%A0-ec-46-at-eyepax-4334543608,Software Engineer,Software Development & Engineering Practices
software-engineer-%E2%80%93-swift-flutter%C2%A0-ec-46-at-eyepax-4334543608,Software Engineer,Software Development Processes
senior-software-engineer-at-virtusa-4340989200,Software Engineer,Computer Systems & Networking
senior-software-engineer-at-virtusa-4340989200,Software Engineer,Operating Systems & System Administration
associate-software-engineer-%E2%80%93-frontend-at-qoria-sri-lanka-4335250347,Software Engineer,Agile Development & SCRUM
associate-software-engineer-%E2%80%93-frontend-at-qoria-sri-lanka-4335250347,Software Engineer,Agile Software Development & Scrum Practices
associate-software-engineer-%E2%80%93-frontend-at-qoria-sri-lanka-4335250347,Software Engineer,BI Solution Implementation
associate-software-engineer-%E2%80%93-frontend-at-qoria-sri-lanka-4335250347,Software Engineer,Documentation & Presentation Skills
associate-software-engineer-%E2%80%93-frontend-at-qoria-sri-lanka-4335250347,Software Engineer,Soft Skills & Professionalism
associate-software-engineer-%E2%80%93-frontend-at-qoria-sri-lanka-4335250347,Software Engineer,Software Design & Testing
associate-software-engineer-%E2%80%93-frontend-at-qoria-sri-lanka-4335250347,Software Engineer,Software Development & Engineering Practices
associate-software-engineer-%E2%80%93-frontend-at-qoria-sri-lanka-4335250347,Software Engineer,Software Testing & Unit Testing
associate-software-engineer-%E2%80%93-frontend-at-qoria-sri-lanka-4335250347,Software Engineer,Team Organization & Collaboration
associate-software-engineer-%E2%80%93-frontend-at-qoria-sri-lanka-4335250347,Software Engineer,Teamwork & Collaboration
lead-senior-software-engineer-frontend-igt1-lanka-sitecore-at-igt1-4340964081,Software Engineer,Agile Development & SCRUM
lead-senior-software-engineer-frontend-igt1-lanka-sitecore-at-igt1-4340964081,Software Engineer,Agile Software Development & Scrum Practices
lead-senior-software-engineer-frontend-igt1-lanka-sitecore-at-igt1-4340964081,Software Engineer,BI Solution Implementation
lead-senior-software-engineer-frontend-igt1-lanka-sitecore-at-igt1-4340964081,Software Engineer,Software Design & Testing
lead-senior-software-engineer-frontend-igt1-lanka-sitecore-at-igt1-4340964081,Software Engineer,Software Development & Engineering Practices
lead-senior-software-engineer-frontend-igt1-lanka-sitecore-at-igt1-4340964081,Software Engineer,Software Engineering Fundamentals
lead-senior-software-engineer-frontend-igt1-lanka-sitecore-at-igt1-4340964081,Software Engineer,Software Testing & Unit Testing
lead-senior-software-engineer-frontend-igt1-lanka-sitecore-at-igt1-4340964081,Software Engineer,Teamwork & Collaboration
lead-software-engineer-at-coninnova-4322772391,Software Engineer,Enterprise Storage Solutions
lead-software-engineer-at-coninnova-4322772391,Software Engineer,Full-Stack Web Application Development
lead-software-engineer-at-coninnova-4322772391,Software Engineer,IT Project Management & Execution
lead-software-engineer-at-coninnova-4322772391,Software Engineer,Integration & Applications
lead-software-engineer-at-coninnova-4322772391,Software Engineer,RESTful Web Services
lead-software-engineer-at-coninnova-4322772391,Software Engineer,Software Design & Testing
lead-software-engineer-at-coninnova-4322772391,Software Engineer,Software Development & Engineering Practices
lead-software-engineer-at-coninnova-4322772391,Software Engineer,Software Development Processes
lead-software-engineer-at-coninnova-4322772391,Software Engineer,Software Testing & Unit Testing
lead-software-engineer-at-coninnova-4322772391,Software Engineer,Team Organization & Collaboration
senior-software-engineer-igt1-lanka-sitecore-at-igt1-4341336918,Software Engineer,Data Engineering & BI Analytics
senior-software-engineer-igt1-lanka-sitecore-at-igt1-4341336918,Software Engineer,Integration & Applications
senior-software-engineer-igt1-lanka-sitecore-at-igt1-4341336918,Software Engineer,Software Design & Testing
senior-software-engineer-igt1-lanka-sitecore-at-igt1-4341336918,Software Engineer,Software Testing & Unit Testing
senior-software-engineer-igt1-lanka-sitecore-at-igt1-4341336918,Software Engineer,Teamwork & Collaboration
senior-software-engineer-at-h2o-ai-4312491121,Software Engineer,Machine Learning & Optimization
senior-software-engineer-at-h2o-ai-4312491121,Software Engineer,OS Concepts & Architecture
senior-software-engineer-at-h2o-ai-4312491121,Software Engineer,Software Design & Testing
senior-software-engineer-at-h2o-ai-4312491121,Software Engineer,Software Development & Engineering Practices
senior-software-engineer-at-h2o-ai-4312491121,Software Engineer,Software Testing & Unit Testing
lead-software-engineer-maritime-at-stark-4335914632,Software Engineer,Integration & Applications
lead-software-engineer-maritime-at-stark-4335914632,Software Engineer,Software Development & Engineering Practices
software-engineer-internship-at-seatgeek-4307571879,Software Engineer,Software Design & Testing
software-engineer-internship-at-seatgeek-4307571879,Software Engineer,Software Testing & Unit Testing
software-engineer-frontend-all-levels-at-ramp-4332771770,Software Engineer,BI Solution Implementation
software-engineer-backend-at-doordash-4084261319,Software Engineer,Data Engineering & BI Analytics
software-engineer-backend-at-doordash-4084261319,Software Engineer,Integration & Applications
software-engineer-at-flipkart-4321656293,Software Engineer,Problem Solving & Algorithm Development
software-engineer-at-makemytrip-4335089915,Software Engineer,Object-Oriented Design & Programming
software-engineer-frontend-at-doordash-4248552076,Software Engineer,Integration & Applications
software-engineer-frontend-at-doordash-4248552076,Software Engineer,Software Design & Testing
software-engineer-frontend-at-doordash-4248552076,Software Engineer,Software Testing & Unit Testing
%E2%80%8B%E2%80%8Bsoftware-engineer%E2%80%8B-at-microsoft-4341623116,Software Engineer,Computer Systems & Networking
%E2%80%8B%E2%80%8Bsoftware-engineer%E2%80%8B-at-microsoft-4341623116,Software Engineer,Data Engineering & BI Analytics
%E2%80%8B%E2%80%8Bsoftware-engineer%E2%80%8B-at-microsoft-4341623116,Software Engineer,Information Security Analytics
%E2%80%8B%E2%80%8Bsoftware-engineer%E2%80%8B-at-microsoft-4341623116,Software Engineer,Information Systems & Database Design
%E2%80%8B%E2%80%8Bsoftware-engineer%E2%80%8B-at-microsoft-4341623116,Software Engineer,Integration & Applications
%E2%80%8B%E2%80%8Bsoftware-engineer%E2%80%8B-at-microsoft-4341623116,Software Engineer,Software Development & Engineering Practices
lead-ai-ml-engineer-%2B-agent-orchestration-1m-lkr-p-m-at-codax-4324581179,ML Engineer,Data Engineering & BI Analytics
full-stack-ai-application-engineer-at-prismetic-4347234085,Full-Stack AI Application Engineer,Integration & Applications
senior-ai-augmented-software-engineer-at-dijital-team-4320712827,Software Engineer,Application Testing & Security
senior-ai-augmented-software-engineer-at-dijital-team-4320712827,Software Engineer,Integration & Applications
senior-ai-augmented-software-engineer-at-dijital-team-4320712827,Software Engineer,Software Design & Testing
senior-ai-augmented-software-engineer-at-dijital-team-4320712827,Software Engineer,Software Testing & Unit Testing
machine-learning-engineer-at-emonics-llc-4324337386,ML Engineer,Problem Solving & Algorithm Development
machine-learning-engineer-at-emonics-llc-4324337386,ML Engineer,Software Design & Testing
machine-learning-engineer-at-emonics-llc-4324337386,ML Engineer,Software Development & Engineering Practices
machine-learning-engineer-at-emonics-llc-4324337386,ML Engineer,Software Testing & Unit Testing
machine-learning-engineer-l4-production-science-at-netflix-4340536132,ML Engineer,Data Engineering & BI Analytics
machine-learning-engineer-at-bumble-inc-4314095829,ML Engineer,Mobile Application Design & Development
machine-learning-engineer-at-bumble-inc-4314095829,ML Engineer,Software Development & Engineering Practices
machine-learning-engineer-ai-for-member-systems-at-netflix-4118831761,ML Engineer,Software Development & Engineering Practices
ai-ml-software-engineer-at-ebay-4265461193,Software Engineer,Algorithm Design Techniques
ai-ml-software-engineer-at-ebay-4265461193,Software Engineer,Software Design & Testing
ai-ml-software-engineer-at-ebay-4265461193,Software Engineer,Software Life Cycle Modeling
ai-ml-software-engineer-at-ebay-4265461193,Software Engineer,Software Testing & Unit Testing
ai-ml-engineer-at-chubb-4347318862,ML Engineer,BI Solution Implementation
ai-ml-engineer-at-chubb-4347318862,ML Engineer,Data Engineering & BI Analytics
ai-ml-engineer-at-chubb-4347318862,ML Engineer,Team Organization & Collaboration
ai-ml-engineer-%E2%80%93-xr-software-all-levels-at-qualcomm-4273838318,ML Engineer,Software Engineering Fundamentals
ai-ml-engineer-at-the-value-maximizer-4338181441,ML Engineer,Algorithm Design Techniques
ai-ml-engineer-at-the-value-maximizer-4338181441,ML Engineer,Machine Learning & Optimization
ai-ml-engineer-at-the-value-maximizer-4338181441,ML Engineer,Problem Solving & Algorithm Development
ai-ml-gcp-engineer-at-endava-4340263600,AI/ML GCP Engineer,Algorithm Design Techniques
ai-ml-gcp-engineer-at-endava-4340263600,AI/ML GCP Engineer,Data Engineering & BI Analytics
ai-ml-gcp-engineer-at-endava-4340263600,AI/ML GCP Engineer,Software Development & Engineering Practices
machine-learning-engineer-4-at-hackajob-4321068476,ML Engineer,Data Representation & Computer Architecture
machine-learning-engineer-4-at-hackajob-4321068476,ML Engineer,Enterprise Storage Solutions
data-analyst-fixed-term-contract-at-hatton-national-bank-plc-4324664637,Data Analyst,Data Engineering & BI Analytics
senior-analyst-analyst-%E2%80%93-business-development-marketing-data-analyst-senior-analyst-at-ascent-business-solutions-4323022838,Data Analyst,Strategic IS & Decision Support
senior-analyst-analyst-%E2%80%93-business-development-marketing-data-analyst-senior-analyst-at-ascent-business-solutions-4323022838,Data Analyst,Team Organization & Collaboration
data-analyst-at-stripe-4315186565,Data Analyst,Data Engineering & BI Analytics
data-analyst-at-stripe-4315186565,Data Analyst,Software Development & Engineering Practices
data-analyst-at-stripe-4315186565,Data Analyst,Software Development Processes
data-analyst-at-stripe-4315186565,Data Analyst,Software Testing & Unit Testing
business-data-analyst-at-capgemini-4323870887,Data Analyst,Strategic IS & Decision Support
business-data-analyst-at-capgemini-4323870887,Data Analyst,Team Organization & Collaboration
business-intelligence-data-analyst-at-simplepractice-4274385912,Data Analyst,Data Engineering & BI Analytics
business-intelligence-data-analyst-at-simplepractice-4274385912,Data Analyst,Information Systems Analysis
data-analyst-at-kpmg-india-4323182631,Data Analyst,Data Engineering & BI Analytics
data-analyst-at-kpmg-india-4323182631,Data Analyst,Statistical Modeling & Data Analysis
data-analyst-at-kpmg-india-4338690745,Data Analyst,Data Engineering & BI Analytics
data-analyst-at-kpmg-india-4338690745,Data Analyst,Statistical Modeling & Data Analysis
data-analyst-at-nestaway-4323172884,Data Analyst,Data Engineering & BI Analytics
data-analyst-at-easemytrip-com-4347002051,Data Analyst,Security Monitoring & Reporting
data-analyst-at-easemytrip-com-4347002051,Data Analyst,Statistical Analysis & Data Interpretation
data-analyst-at-easemytrip-com-4347002051,Data Analyst,Statistical Modeling & Data Analysis
data-analyst-at-easemytrip-com-4347002051,Data Analyst,Strategic IS & Decision Support
data-analyst-1-at-jar-4339350249,Data Analyst,Data Engineering & BI Analytics
data-analyst-at-chevron-4341962225,Data Analyst,Team Organization & Collaboration
staff-forecasting-data-analyst-at-linkedin-4339212886,Data Analyst,Data Engineering & BI Analytics
staff-forecasting-data-analyst-at-linkedin-4339212886,Data Analyst,Information Systems Analysis
staff-forecasting-data-analyst-at-linkedin-4339212886,Data Analyst,Legal & Professional Responsibilities
staff-forecasting-data-analyst-at-linkedin-4339212886,Data Analyst,Regression & Time Series Analysis
staff-forecasting-data-analyst-at-linkedin-4339212886,Data Analyst,Software Engineering Fundamentals
staff-forecasting-data-analyst-at-linkedin-4339212886,Data Analyst,Statistical Modeling & Data Analysis
staff-forecasting-data-analyst-at-linkedin-4339212886,Data Analyst,Strategic IS & Decision Support
staff-forecasting-data-analyst-at-linkedin-4339212886,Data Analyst,Time Series Analysis
data-analyst-at-mitek-systems-4347549008,Data Analyst,Data Engineering & BI Analytics
data-analyst-at-mitek-systems-4347549008,Data Analyst,Information Systems Analysis
data-analyst-at-mitek-systems-4347549008,Data Analyst,Machine Learning & Optimization
data-analyst-at-mitek-systems-4347549008,Data Analyst,Mobile Application Design & Development
data-analyst-at-mitek-systems-4347549008,Data Analyst,Software Development & Engineering Practices
data-analyst-at-mitek-systems-4347549008,Data Analyst,Software Development Processes
data-analyst-at-mitek-systems-4347549008,Data Analyst,Team Organization & Collaboration
data-analyst-at-mitek-systems-4347549008,Data Analyst,Teamwork & Collaboration
data-analyst-at-nielseniq-4324336229,Data Analyst,Diversity & Inclusion Awareness
data-analyst-at-nielseniq-4324336229,Data Analyst,Team Organization & Collaboration
data-engineer-at-cube-4320435637,Data Engineer,BI Solution Implementation
data-engineer-at-cube-4320435637,Data Engineer,Data Engineering & BI Analytics
data-engineer-at-cube-4320435637,Data Engineer,Dimensional Data Modelling
data-engineer-at-cube-4320435637,Data Engineer,SQL Querying & Database Programming
data-engineer-at-cube-4320535662,Data Engineer,BI Solution Implementation
data-engineer-at-cube-4320535662,Data Engineer,Data Engineering & BI Analytics
data-engineer-at-cube-4320535662,Data Engineer,Dimensional Data Modelling
data-engineer-at-cube-4320535662,Data Engineer,SQL Querying & Database Programming
data-engineer-at-axiata-digital-labs-4336111832,Data Engineer,Data Engineering & BI Analytics
data-engineer-at-axiata-digital-labs-4336111832,Data Engineer,ETL/ELT Processes
data-engineer-at-qoria-sri-lanka-4336413918,Data Engineer,Data Engineering & BI Analytics
data-engineer-at-qoria-sri-lanka-4336413918,Data Engineer,Database Security & Performance Optimization
data-engineer-at-qoria-sri-lanka-4336413918,Data Engineer,ETL/ELT Processes
data-engineer-at-qoria-sri-lanka-4336413918,Data Engineer,Machine Learning & Optimization
data-engineer-at-qoria-sri-lanka-4336413918,Data Engineer,Statistical Modeling & Data Analysis
senior-data-engineer-databricks-at-alp-consulting-ltd-4323480397,Senior Data Engineer - Databricks,Agile Development & SCRUM
azure-data-engineer-at-dijital-team-4322691222,Azure Data Engineer,Data Engineering & BI Analytics
azure-data-engineer-at-dijital-team-4322691222,Azure Data Engineer,ETL/ELT Processes
azure-data-engineer-at-dijital-team-4322691222,Azure Data Engineer,Information Security Analytics
azure-data-engineer-at-dijital-team-4322691222,Azure Data Engineer,Integration & Applications
azure-data-engineer-at-dijital-team-4322691222,Azure Data Engineer,Strategic IS & Decision Support
senior-data-engineer-snowflake-at-alp-consulting-ltd-4322925352,Senior Data Engineer - Snowflake,Data Engineering & BI Analytics
senior-data-engineer-snowflake-at-alp-consulting-ltd-4322925352,Senior Data Engineer - Snowflake,Software Development & Engineering Practices
senior-data-engineer-snowflake-at-alp-consulting-ltd-4322907141,Senior Data Engineer- Snowflake,Data Engineering & BI Analytics
senior-data-engineer-snowflake-at-alp-consulting-ltd-4322907141,Senior Data Engineer- Snowflake,Software Development & Engineering Practices
senior-data-engineer-architect-at-therighttalent-4324813751,Senior Data Engineer/Architect,Data Engineering & BI Analytics
senior-data-engineer-architect-at-therighttalent-4324813751,Senior Data Engineer/Architect,Data Modeling & ER Diagrams
senior-data-engineer-architect-at-therighttalent-4324813751,Senior Data Engineer/Architect,Enterprise Storage Solutions
senior-data-engineer-architect-at-therighttalent-4324813751,Senior Data Engineer/Architect,Information Security Analytics
senior-data-engineer-architect-at-therighttalent-4324813751,Senior Data Engineer/Architect,Information Systems & Database Design
senior-data-engineer-architect-at-therighttalent-4324813751,Senior Data Engineer/Architect,Integration & Applications
senior-data-engineer-architect-at-therighttalent-4324813751,Senior Data Engineer/Architect,Machine Learning & Optimization
senior-data-engineer-architect-at-therighttalent-4324813751,Senior Data Engineer/Architect,Security Monitoring & Reporting
senior-data-engineer-architect-at-therighttalent-4324813751,Senior Data Engineer/Architect,Strategic IS & Decision Support
data-engineer-l5-at-netflix-3982462774,Data Engineer (L5),Data Engineering & BI Analytics
data-engineer-analytics-university-grad-at-meta-4333234367,"Data Engineer, Analytics (University Grad)",Data Engineering & BI Analytics
data-engineer-l5-ads-at-netflix-3989284331,Data Engineer (L5) - Ads,Data Engineering & BI Analytics
data-engineer-l5-ads-at-netflix-3989284331,Data Engineer (L5) - Ads,Data Warehousing Architecture
data-engineer-l5-ads-at-netflix-3989284331,Data Engineer (L5) - Ads,Information Systems Analysis
data-engineer-l5-ads-at-netflix-3989284331,Data Engineer (L5) - Ads,Software Development & Engineering Practices
data-engineer-l5-ads-at-netflix-3989284331,Data Engineer (L5) - Ads,Time Series Analysis
python-data-engineer-at-deloitte-4340656301,Python Data Engineer,BI Solution Implementation
python-data-engineer-at-deloitte-4340656301,Python Data Engineer,Data Engineering & BI Analytics
python-data-engineer-at-deloitte-4340656301,Python Data Engineer,Data Warehousing Architecture
python-data-engineer-at-deloitte-4340656301,Python Data Engineer,ETL/ELT Processes
python-data-engineer-at-deloitte-4340656301,Python Data Engineer,Integration & Applications
python-data-engineer-at-deloitte-4340656301,Python Data Engineer,Machine Learning & Optimization
python-data-engineer-at-deloitte-4340656301,Python Data Engineer,RESTful Web Services
python-data-engineer-at-deloitte-4340656301,Python Data Engineer,Strategic IS & Decision Support
data-engineer-at-meril-4337946433,Data Engineer,Database Security & Performance Optimization
data-engineer-at-meril-4337946433,Data Engineer,Indexing & Query Optimization
data-engineer-at-meril-4337946433,Data Engineer,Information Security Analytics
data-engineer-at-meril-4337946433,Data Engineer,Information Systems & Database Design
associate-python-data-engineer-gdc-at-pwc-india-4291069034,Associate - Python Data Engineer - GDC,Ethics & Professional Conduct
associate-python-data-engineer-gdc-at-pwc-india-4291069034,Associate - Python Data Engineer - GDC,Personal Development & Work Ethics
data-engineer-at-deloitte-4340443717,Data Engineer,BI Solution Implementation
data-engineer-at-deloitte-4340443717,Data Engineer,Data Engineering & BI Analytics
data-engineer-at-deloitte-4340443717,Data Engineer,Enterprise Storage Solutions
data-engineer-at-deloitte-4340443717,Data Engineer,Information Security Analytics
data-engineer-at-deloitte-4340443717,Data Engineer,Information Systems & Database Design
data-engineer-at-deloitte-4340443717,Data Engineer,Security Monitoring & Reporting
data-engineer-at-procter-gamble-4298716828,Data Engineer,Agile Development & SCRUM
data-engineer-at-procter-gamble-4298716828,Data Engineer,Agile Software Development & Scrum Practices
data-engineer-at-procter-gamble-4298716828,Data Engineer,Data Engineering & BI Analytics
data-engineer-at-procter-gamble-4298716828,Data Engineer,Information Systems & Database Design
data-engineer-at-procter-gamble-4298716828,Data Engineer,Personal Development & Work Ethics
data-engineer-at-procter-gamble-4298716828,Data Engineer,Software Development & Engineering Practices
data-engineer-at-procter-gamble-4298716828,Data Engineer,Software Development Processes
devops-engineer-at-qlub-4347014040,DevOps Engineer,Team Organization & Collaboration
devops-engineer-at-nimi-4336736251,DevOps Engineer,Software Development Processes
devops-engineer-at-nimi-4336736251,DevOps Engineer,System Security & Administration Scripting
senior-devops-engineer-at-fortude-4337671048,Senior DevOps Engineer,Software Development & Engineering Practices
senior-devops-engineer-at-fortude-4337671048,Senior DevOps Engineer,Software Development Processes
senior-devops-engineer-at-lseg-4322572635,Senior DevOps Engineer,Java & Object-Oriented Application Development
senior-devops-engineer-at-lseg-4322572635,Senior DevOps Engineer,Object-Oriented Design & Programming
senior-devops-engineer-at-lseg-4322572635,Senior DevOps Engineer,Software Design & Testing
senior-devops-engineer-at-lseg-4322572635,Senior DevOps Engineer,Software Development & Engineering Practices
senior-devops-engineer-at-lseg-4322572635,Senior DevOps Engineer,Software Development Processes
senior-devops-engineer-at-lseg-4322572635,Senior DevOps Engineer,Software Testing & Unit Testing
senior-devops-engineer-at-lseg-4256733142,Senior DevOps Engineer,Application Testing & Security
senior-devops-engineer-at-lseg-4256733142,Senior DevOps Engineer,Software Design & Testing
senior-devops-engineer-at-lseg-4256733142,Senior DevOps Engineer,Software Development & Engineering Practices
senior-devops-engineer-at-lseg-4256733142,Senior DevOps Engineer,Software Development Processes
senior-devops-engineer-at-lseg-4256733142,Senior DevOps Engineer,Software Testing & Unit Testing
senior-devops-engineer-azure-ifs-ultimo-at-ifs-4336660716,Senior DevOps Engineer (Azure) - IFS Ultimo,Computer Systems & Networking
senior-devops-engineer-azure-ifs-ultimo-at-ifs-4336660716,Senior DevOps Engineer (Azure) - IFS Ultimo,Software Design & Testing
senior-devops-engineer-azure-ifs-ultimo-at-ifs-4336660716,Senior DevOps Engineer (Azure) - IFS Ultimo,Software Development & Engineering Practices
senior-devops-engineer-azure-ifs-ultimo-at-ifs-4336660716,Senior DevOps Engineer (Azure) - IFS Ultimo,Software Development Processes
senior-devops-engineer-azure-ifs-ultimo-at-ifs-4336660716,Senior DevOps Engineer (Azure) - IFS Ultimo,Software Testing & Unit Testing
senior-devops-engineer-azure-ifs-ultimo-at-ifs-4336660716,Senior DevOps Engineer (Azure) - IFS Ultimo,Strategic IS & Decision Support
senior-devops-engineer-azure-ifs-ultimo-at-ifs-4336660716,Senior DevOps Engineer (Azure) - IFS Ultimo,Team Organization & Collaboration
senior-devops-engineer-at-lseg-4317464517,Senior Devops Engineer,Application Testing & Security
senior-devops-engineer-at-lseg-4317464517,Senior Devops Engineer,Integration & Applications
senior-devops-engineer-at-lseg-4317464517,Senior Devops Engineer,Software Design & Testing
senior-devops-engineer-at-lseg-4317464517,Senior Devops Engineer,Software Development & Engineering Practices
senior-devops-engineer-at-lseg-4317464517,Senior Devops Engineer,Software Testing & Unit Testing
lead-devops-engineer-at-lseg-4322835759,Lead DevOps Engineer,Agile Development & SCRUM
lead-devops-engineer-at-lseg-4322835759,Lead DevOps Engineer,OS Concepts & Architecture
lead-devops-engineer-at-lseg-4322835759,Lead DevOps Engineer,Object-Oriented Design & Programming
lead-devops-engineer-at-lseg-4324086911,Lead DevOps Engineer,Software Design & Testing
lead-devops-engineer-at-lseg-4324086911,Lead DevOps Engineer,Software Development & Engineering Practices
lead-devops-engineer-at-lseg-4324086911,Lead DevOps Engineer,Software Development Processes
lead-devops-engineer-at-lseg-4324086911,Lead DevOps Engineer,Software Testing & Unit Testing
lead-devops-engineer-site-reliability-engineering-at-lseg-4278915804,Lead DevOps Engineer Site Reliability Engineering,BI Solution Implementation
lead-devops-engineer-site-reliability-engineering-at-lseg-4278915804,Lead DevOps Engineer Site Reliability Engineering,Information Systems & Database Design
lead-devops-engineer-site-reliability-engineering-at-lseg-4278915804,Lead DevOps Engineer Site Reliability Engineering,Integration & Applications
lead-devops-engineer-site-reliability-engineering-at-lseg-4278915804,Lead DevOps Engineer Site Reliability Engineering,Software Design & Testing
lead-devops-engineer-site-reliability-engineering-at-lseg-4278915804,Lead DevOps Engineer Site Reliability Engineering,Software Testing & Unit Testing
lead-gcp-devops-engineer-at-virtusa-4341349204,Lead GCP DevOps Engineer,Application Testing & Security
devops-engineer-at-infstones-4339342430,DevOps Engineer,Application Testing & Security
devops-engineer-at-infstones-4339342430,DevOps Engineer,Software Design & Testing
devops-engineer-at-infstones-4339342430,DevOps Engineer,Software Development & Engineering Practices
devops-engineer-at-infstones-4339342430,DevOps Engineer,Software Development Processes
devops-engineer-2-at-jar-4339240571,Devops Engineer - 2,Application Testing & Security
devops-engineer-2-at-jar-4339240571,Devops Engineer - 2,Integration & Applications
devops-engineer-2-at-jar-4339240571,Devops Engineer - 2,Software Design & Testing
devops-engineer-2-at-jar-4339240571,Devops Engineer - 2,Software Testing & Unit Testing
devops-engineer-at-larsen-toubro-4294308779,DevOps Engineer,Data Engineering & BI Analytics
devops-engineer-at-larsen-toubro-4294308779,DevOps Engineer,Software Development & Engineering Practices
devops-engineer-at-larsen-toubro-4294308779,DevOps Engineer,Software Development Processes
devops-engineer-at-larsen-toubro-4294308779,DevOps Engineer,Teamwork & Collaboration
consultant-web-based-dashboard-developer-at-international-water-management-institute-iwmi-4338586990,Software Engineer,Application Testing & Security
consultant-web-based-dashboard-developer-at-international-water-management-institute-iwmi-4338586990,Software Engineer,BI Solution Implementation
consultant-web-based-dashboard-developer-at-international-water-management-institute-iwmi-4338586990,Software Engineer,Full-Stack Web Application Development
consultant-web-based-dashboard-developer-at-international-water-management-institute-iwmi-4338586990,Software Engineer,Integration & Applications
consultant-web-based-dashboard-developer-at-international-water-management-institute-iwmi-4338586990,Software Engineer,Software Design & Testing
consultant-web-based-dashboard-developer-at-international-water-management-institute-iwmi-4338586990,Software Engineer,Software Testing & Unit Testing
consultant-web-based-dashboard-developer-at-international-water-management-institute-iwmi-4338586990,Software Engineer,Team Organization & Collaboration
consultant-web-based-dashboard-developer-at-international-water-management-institute-iwmi-4338586990,Software Engineer,Teamwork & Collaboration
jr-web-developer-entry-level-at-planned-systems-international-4280244237,Software Engineer,Agile Development & SCRUM
jr-web-developer-entry-level-at-planned-systems-international-4280244237,Software Engineer,Application Testing & Security
jr-web-developer-entry-level-at-planned-systems-international-4280244237,Software Engineer,Information Systems & Database Design
jr-web-developer-entry-level-at-planned-systems-international-4280244237,Software Engineer,Legal & Professional Responsibilities
jr-web-developer-entry-level-at-planned-systems-international-4280244237,Software Engineer,Software Design & Testing
jr-web-developer-entry-level-at-planned-systems-international-4280244237,Software Engineer,Software Development Processes
jr-web-developer-entry-level-at-planned-systems-international-4280244237,Software Engineer,Software Testing & Unit Testing
web-developer-at-obermind-ltd-4336555109,Software Engineer,BI Solution Implementation
web-developer-at-obermind-ltd-4336555109,Software Engineer,Mobile Application Design & Development
junior-web-developer-at-guruschools-llc-4337158225,Software Engineer,Integration & Applications
jr-front-end-web-developer-at-webfx-4333788682,Software Engineer,Integration & Applications
jr-front-end-web-developer-at-webfx-4333788682,Software Engineer,Mobile Application Design & Development
jr-front-end-web-developer-at-webfx-4333788682,Software Engineer,Software Design & Testing
jr-front-end-web-developer-at-webfx-4333788682,Software Engineer,Software Testing & Unit Testing
jr-front-end-web-developer-at-webfx-4333788682,Software Engineer,Strategic IS & Decision Support
frontend-web-developer-at-bubblynet-4347514675,Software Engineer,Full-Stack Web Application Development
frontend-web-developer-at-bubblynet-4347514675,Software Engineer,Integration & Applications
software-engineer-at-pearson-4324801180,Software Engineer,Algorithm Design Techniques
software-engineer-at-pearson-4324801180,Software Engineer,Integration & Applications
software-engineer-at-pearson-4324801180,Software Engineer,Problem Solving & Algorithm Development
software-engineer-at-pearson-4324801180,Software Engineer,Software Development & Engineering Practices
software-engineer-data-remote-full-time-at-cut%2Bdry-4339254514,Software Engineer,Data Engineering & BI Analytics
software-engineer-data-remote-full-time-at-cut%2Bdry-4339254514,Software Engineer,ETL/ELT Processes
software-engineer-data-remote-full-time-at-cut%2Bdry-4339254514,Software Engineer,Software Design & Testing
software-engineer-data-remote-full-time-at-cut%2Bdry-4339254514,Software Engineer,Software Development & Engineering Practices
software-engineer-data-remote-full-time-at-cut%2Bdry-4339254514,Software Engineer,Software Development Processes
software-engineer-data-remote-full-time-at-cut%2Bdry-4339254514,Software Engineer,Software Engineering Fundamentals
associate-software-engineer-python-at-ilabs-4321207367,Software Engineer,Data Warehousing Architecture
associate-software-engineer-python-at-ilabs-4321207367,Software Engineer,Enterprise Storage Solutions
associate-software-engineer-python-at-ilabs-4321207367,Software Engineer,Information Systems & Database Design
software-engineer-associate-react-native-at-ilabs-4322995059,Software Engineer,Mobile App Development Fundamentals
software-engineer-associate-react-native-at-ilabs-4322995059,Software Engineer,Mobile Application Design & Development
software-engineer-associate-react-native-at-ilabs-4322995059,Software Engineer,OS Concepts & Architecture
software-engineer-associate-react-native-at-ilabs-4322995059,Software Engineer,Software Design & Testing
software-engineer-associate-react-native-at-ilabs-4322995059,Software Engineer,Software Development & Engineering Practices
software-engineer-associate-react-native-at-ilabs-4322995059,Software Engineer,Software Development Processes
software-engineer-associate-react-native-at-ilabs-4322995059,Software Engineer,Software Engineering Fundamentals
software-engineer-associate-react-native-at-ilabs-4322995059,Software Engineer,Software Testing & Unit Testing
software-engineer-associate-react-native-at-ilabs-4322995059,Software Engineer,Teamwork & Collaboration
senior-software-engineer-remote-full-time-at-cut%2Bdry-4336908285,Software Engineer,Integration & Applications
senior-software-engineer-remote-full-time-at-cut%2Bdry-4336908285,Software Engineer,Java & Object-Oriented Application Development
senior-software-engineer-remote-full-time-at-cut%2Bdry-4336908285,Software Engineer,Object-Oriented Design & Programming
senior-software-engineer-remote-full-time-at-cut%2Bdry-4336908285,Software Engineer,Software Design & Testing
senior-software-engineer-remote-full-time-at-cut%2Bdry-4336908285,Software Engineer,Software Development & Engineering Practices
senior-software-engineer-remote-full-time-at-cut%2Bdry-4336908285,Software Engineer,Software Testing & Unit Testing
software-engineer-igt1-lanka-sitecore-at-igt1-4340956996,Software Engineer,BI Solution Implementation
software-engineer-igt1-lanka-sitecore-at-igt1-4340956996,Software Engineer,Teamwork & Collaboration
software-engineer-backend-at-saltside-4322783150,Software Engineer,Academic Communication Skills
software-engineer-backend-at-saltside-4322783150,Software Engineer,BI Solution Implementation
software-engineer-backend-at-saltside-4322783150,Software Engineer,Software Design & Testing
software-engineer-backend-at-saltside-4322783150,Software Engineer,Software Testing & Unit Testing
software-engineer-%E2%80%93-backend-at-levein-group-4324476715,Software Engineer,OS Concepts & Architecture
software-engineer-%E2%80%93-backend-at-levein-group-4324476715,Software Engineer,Software Development Processes
associate-software-engineer-at-riskonnect-inc-4334444073,Software Engineer,Agile Development & SCRUM
associate-software-engineer-at-riskonnect-inc-4334444073,Software Engineer,OS Concepts & Architecture
associate-software-engineer-at-riskonnect-inc-4334444073,Software Engineer,RESTful Web Services
associate-software-engineer-at-riskonnect-inc-4334444073,Software Engineer,Software Design & Testing
python-software-engineer-at-virtusa-4324324008,Software Engineer,Software Design & Testing
python-software-engineer-at-virtusa-4324324008,Software Engineer,Software Development & Engineering Practices
python-software-engineer-at-virtusa-4324324008,Software Engineer,Software Development Processes
software-engineer-fullstack-early-career-at-notion-4334367155,Software Engineer,Data Engineering & BI Analytics
software-engineer-fullstack-early-career-at-notion-4334367155,Software Engineer,Information Systems & Database Design
software-engineer-fullstack-early-career-at-notion-4334367155,Software Engineer,Problem Solving & Algorithm Development
software-engineer-fullstack-early-career-at-notion-4334367155,Software Engineer,Software Engineering Fundamentals
software-engineer-fullstack-early-career-at-notion-4334367155,Software Engineer,Team Organization & Collaboration
software-engineer-l4-member-commerce-games-engineering-at-netflix-4208343571,Software Engineer,Software Testing & Unit Testing
software-engineer-1-at-intuit-4333562794,Software Engineer,Agile Development & SCRUM
software-engineer-1-at-intuit-4333562794,Software Engineer,Agile Software Development & Scrum Practices
software-engineer-1-at-intuit-4333562794,Software Engineer,Integration & Applications
software-engineer-1-at-intuit-4333562794,Software Engineer,Java & Object-Oriented Application Development
software-engineer-1-at-intuit-4333562794,Software Engineer,Job Role Awareness
software-engineer-1-at-intuit-4333562794,Software Engineer,Mobile Application Design & Development
software-engineer-1-at-intuit-4333562794,Software Engineer,OS Concepts & Architecture
software-engineer-1-at-intuit-4333562794,Software Engineer,Object-Oriented Design & Programming
software-engineer-1-at-intuit-4333562794,Software Engineer,RESTful Web Services
software-engineer-1-at-intuit-4333562794,Software Engineer,Software Development & Engineering Practices
software-engineer-1-at-intuit-4333562794,Software Engineer,Web-based Application Development using Java
software-engineer-new-grad-web-at-clear-4339211205,Software Engineer,Application Testing & Security
software-engineer-new-grad-web-at-clear-4339211205,Software Engineer,OS Concepts & Architecture
software-engineer-new-grad-web-at-clear-4339211205,Software Engineer,Software Development & Engineering Practices
software-engineer-new-grad-web-at-clear-4339211205,Software Engineer,Software Development Processes
software-engineer-new-grad-web-at-clear-4339211205,Software Engineer,Software Testing & Unit Testing
software-engineer-new-grad-backend-at-clear-4339390809,Software Engineer,Application Testing & Security
software-engineer-new-grad-backend-at-clear-4339390809,Software Engineer,OS Concepts & Architecture
software-engineer-new-grad-backend-at-clear-4339390809,Software Engineer,Software Development & Engineering Practices
software-engineer-new-grad-backend-at-clear-4339390809,Software Engineer,Software Development Processes
software-engineer-new-grad-backend-at-clear-4339390809,Software Engineer,Software Testing & Unit Testing
software-engineer-at-microsoft-4341828947,Software Engineer,Software Design & Testing
software-engineer-at-microsoft-4341828947,Software Engineer,Software Testing & Unit Testing
