StudentID,RoleName,Skill,RequiredImportance,StudentScore,StudentLevel,AttainedFraction,IsWeakOrMissing
IT21001288,Data Analyst,Hypothesis Testing,1.0,0.1054166666666666,Beginner,0.1054166666666666,True
IT21002809,Data Analyst,Hypothesis Testing,1.0,0.1375,Beginner,0.1375,True
IT21004505,Data Analyst,Hypothesis Testing,1.0,0.1054166666666666,Beginner,0.1054166666666666,True
IT21004753,Data Analyst,Hypothesis Testing,1.0,0.275,Developing,0.275,True
IT21005263,Data Analyst,Hypothesis Testing,1.0,0.1375,Beginner,0.1375,True
IT21006129,Data Analyst,Hypothesis Testing,1.0,0.1375,Beginner,0.1375,True
IT21007298,Data Analyst,Hypothesis Testing,1.0,0.12375,Beginner,0.12375,True
IT21008496,Data Analyst,Hypothesis Testing,1.0,0.0916666666666666,Beginner,0.0916666666666666,True
IT21009261,Data Analyst,Hypothesis Testing,1.0,0.1375,Beginner,0.1375,True
IT21010022,Data Analyst,Hypothesis Testing,1.0,0.0916666666666666,Beginner,0.0916666666666666,True
IT21011007,Data Analyst,Hypothesis Testing,1.0,0.0916666666666666,Beginner,0.0916666666666666,True
IT21011057,Data Analyst,Hypothesis Testing,1.0,0.1375,Beginner,0.1375,True
IT21012347,Data Analyst,Hypothesis Testing,1.0,0.1054166666666666,Beginner,0.1054166666666666,True
IT21013965,Data Analyst,Hypothesis Testing,1.0,0.12375,Beginner,0.12375,True
IT21014532,Data Analyst,Hypothesis Testing,1.0,0.15125,Beginner,0.15125,True
IT21014776,Data Analyst,Hypothesis Testing,1.0,0.12375,Beginner,0.12375,True
IT21015220,Data Analyst,Hypothesis Testing,1.0,0.12375,Beginner,0.12375,True
IT21015693,Data Analyst,Hypothesis Testing,1.0,0.0916666666666666,Beginner,0.0916666666666666,True
IT21017970,Data Analyst,Hypothesis Testing,1.0,0.1833333333333333,Beginner,0.1833333333333333,True
IT21018131,Data Analyst,Hypothesis Testing,1.0,0.15125,Beginner,0.15125,True
IT21018148,Data Analyst,Hypothesis Testing,1.0,0.1375,Beginner,0.1375,True
IT21022952,Data Analyst,Hypothesis Testing,1.0,0.1695833333333333,Beginner,0.1695833333333333,True
IT21023088,Data Analyst,Hypothesis Testing,1.0,0.1375,Beginner,0.1375,True
IT21024320,Data Analyst,Hypothesis Testing,1.0,0.1695833333333333,Beginner,0.1695833333333333,True
IT21024689,Data Analyst,Hypothesis Testing,1.0,0.1833333333333333,Beginner,0.1833333333333333,True
IT21025361,Data Analyst,Hypothesis Testing,1.0,0.12375,Beginner,0.12375,True
IT21027832,Data Analyst,Hypothesis Testing,1.0,0.1054166666666666,Beginner,0.1054166666666666,True
IT21028954,Data Analyst,Hypothesis Testing,1.0,0.0916666666666666,Beginner,0.0916666666666666,True
IT21031441,Data Analyst,Hypothesis Testing,1.0,0.12375,Beginner,0.12375,True
IT21031835,Data Analyst,Hypothesis Testing,1.0,0.1833333333333333,Beginner,0.1833333333333333,True
IT21032732,Data Analyst,Hypothesis Testing,1.0,0.0916666666666666,Beginner,0.0916666666666666,True
IT21035380,Data Analyst,Hypothesis Testing,1.0,0.1695833333333333,Beginner,0.1695833333333333,True
IT21036161,Data Analyst,Hypothesis Testing,1.0,0.15125,Beginner,0.15125,True
IT21036536,Data Analyst,Hypothesis Testing,1.0,0.1833333333333333,Beginner,0.1833333333333333,True
IT21038028,Data Analyst,Hypothesis Testing,1.0,0.1833333333333333,Beginner,0.1833333333333333,True
IT21038560,Data Analyst,Hypothesis Testing,1.0,0.12375,Beginner,0.12375,True
IT21039693,Data Analyst,Hypothesis Testing,1.0,0.1375,Beginner,0.1375,True
IT21042304,Data Analyst,Hypothesis Testing,1.0,0.15125,Beginner,0.15125,True
IT21043698,Data Analyst,Hypothesis Testing,1.0,0.1054166666666666,Beginner,0.1054166666666666,True
IT21043881,Data Analyst,Hypothesis Testing,1.0,0.1375,Beginner,0.1375,True
IT21044414,Data Analyst,Hypothesis Testing,1.0,0.1833333333333333,Beginner,0.1833333333333333,True
IT21044847,Data Analyst,Hypothesis Testing,1.0,0.1375,Beginner,0.1375,True
IT21044855,Data Analyst,Hypothesis Testing,1.0,0.0916666666666666,Beginner,0.0916666666666666,True
IT21045016,Data Analyst,Hypothesis Testing,1.0,0.0916666666666666,Beginner,0.0916666666666666,True
IT21045292,Data Analyst,Hypothesis Testing,1.0,0.0916666666666666,Beginner,0.0916666666666666,True
IT21047887,Data Analyst,Hypothesis Testing,1.0,0.1375,Beginner,0.1375,True
IT21048403,Data Analyst,Hypothesis Testing,1.0,0.1054166666666666,Beginner,0.1054166666666666,True
IT21048889,Data Analyst,Hypothesis Testing,1.0,0.0916666666666666,Beginner,0.0916666666666666,True
IT21049268,Data Analyst,Hypothesis Testing,1.0,0.0916666666666666,Beginner,0.0916666666666666,True
IT21051201,Data Analyst,Hypothesis Testing,1.0,0.0916666666666666,Beginner,0.0916666666666666,True
IT21051282,Data Analyst,Hypothesis Testing,1.0,0.1695833333333333,Beginner,0.1695833333333333,True
IT21052134,Data Analyst,Hypothesis Testing,1.0,0.0916666666666666,Beginner,0.0916666666666666,True
IT21053634,Data Analyst,Hypothesis Testing,1.0,0.0916666666666666,Beginner,0.0916666666666666,True
IT21054327,Data Analyst,Hypothesis Testing,1.0,0.0916666666666666,Beginner,0.0916666666666666,True
IT21054594,Data Analyst,Hypothesis Testing,1.0,0.12375,Beginner,0.12375,True
IT21056524,Data Analyst,Hypothesis Testing,1.0,0.1375,Beginner,0.1375,True
IT21058319,Data Analyst,Hypothesis Testing,1.0,0.1833333333333333,Beginner,0.1833333333333333,True
IT21058515,Data Analyst,Hypothesis Testing,1.0,0.1375,Beginner,0.1375,True
IT21059359,Data Analyst,Hypothesis Testing,1.0,0.1833333333333333,Beginner,0.1833333333333333,True
IT21059910,Data Analyst,Hypothesis Testing,1.0,0.12375,Beginner,0.12375,True
IT21061786,Data Analyst,Hypothesis Testing,1.0,0.0916666666666666,Beginner,0.0916666666666666,True
IT21062707,Data Analyst,Hypothesis Testing,1.0,0.1054166666666666,Beginner,0.1054166666666666,True
IT21063368,Data Analyst,Hypothesis Testing,1.0,0.15125,Beginner,0.15125,True
IT21063801,Data Analyst,Hypothesis Testing,1.0,0.0916666666666666,Beginner,0.0916666666666666,True
IT21065239,Data Analyst,Hypothesis Testing,1.0,0.15125,Beginner,0.15125,True
IT21068207,Data Analyst,Hypothesis Testing,1.0,0.0916666666666666,Beginner,0.0916666666666666,True
IT21068553,Data Analyst,Hypothesis Testing,1.0,0.12375,Beginner,0.12375,True
IT21068881,Data Analyst,Hypothesis Testing,1.0,0.15125,Beginner,0.15125,True
IT21069341,Data Analyst,Hypothesis Testing,1.0,0.0916666666666666,Beginner,0.0916666666666666,True
IT21070897,Data Analyst,Hypothesis Testing,1.0,0.0916666666666666,Beginner,0.0916666666666666,True
IT21073177,Data Analyst,Hypothesis Testing,1.0,0.0916666666666666,Beginner,0.0916666666666666,True
IT21073720,Data Analyst,Hypothesis Testing,1.0,0.12375,Beginner,0.12375,True
IT21073932,Data Analyst,Hypothesis Testing,1.0,0.1054166666666666,Beginner,0.1054166666666666,True
IT21074036,Data Analyst,Hypothesis Testing,1.0,0.1375,Beginner,0.1375,True
IT21074499,Data Analyst,Hypothesis Testing,1.0,0.1054166666666666,Beginner,0.1054166666666666,True
IT21075118,Data Analyst,Hypothesis Testing,1.0,0.1375,Beginner,0.1375,True
IT21075470,Data Analyst,Hypothesis Testing,1.0,0.1833333333333333,Beginner,0.1833333333333333,True
IT21076949,Data Analyst,Hypothesis Testing,1.0,0.1375,Beginner,0.1375,True
IT21077554,Data Analyst,Hypothesis Testing,1.0,0.1375,Beginner,0.1375,True
IT21077664,Data Analyst,Hypothesis Testing,1.0,0.15125,Beginner,0.15125,True
IT21078033,Data Analyst,Hypothesis Testing,1.0,0.1695833333333333,Beginner,0.1695833333333333,True
IT21079316,Data Analyst,Hypothesis Testing,1.0,0.12375,Beginner,0.12375,True
IT21083337,Data Analyst,Hypothesis Testing,1.0,0.12375,Beginner,0.12375,True
IT21083788,Data Analyst,Hypothesis Testing,1.0,0.12375,Beginner,0.12375,True
IT21085378,Data Analyst,Hypothesis Testing,1.0,0.1054166666666666,Beginner,0.1054166666666666,True
IT21086538,Data Analyst,Hypothesis Testing,1.0,0.15125,Beginner,0.15125,True
IT21087339,Data Analyst,Hypothesis Testing,1.0,0.1833333333333333,Beginner,0.1833333333333333,True
IT21087721,Data Analyst,Hypothesis Testing,1.0,0.1054166666666666,Beginner,0.1054166666666666,True
IT21088282,Data Analyst,Hypothesis Testing,1.0,0.15125,Beginner,0.15125,True
IT21091689,Data Analyst,Hypothesis Testing,1.0,0.1054166666666666,Beginner,0.1054166666666666,True
IT21092211,Data Analyst,Hypothesis Testing,1.0,0.0916666666666666,Beginner,0.0916666666666666,True
IT21093897,Data Analyst,Hypothesis Testing,1.0,0.1695833333333333,Beginner,0.1695833333333333,True
IT21094026,Data Analyst,Hypothesis Testing,1.0,0.15125,Beginner,0.15125,True
IT21099570,Data Analyst,Hypothesis Testing,1.0,0.1695833333333333,Beginner,0.1695833333333333,True
IT21100378,Data Analyst,Hypothesis Testing,1.0,0.15125,Beginner,0.15125,True
IT21100734,Data Analyst,Hypothesis Testing,1.0,0.12375,Beginner,0.12375,True
IT21100987,Data Analyst,Hypothesis Testing,1.0,0.1054166666666666,Beginner,0.1054166666666666,True
IT21102387,Data Analyst,Hypothesis Testing,1.0,0.1695833333333333,Beginner,0.1695833333333333,True
IT21102839,Data Analyst,Hypothesis Testing,1.0,0.1833333333333333,Beginner,0.1833333333333333,True
IT21103859,Data Analyst,Hypothesis Testing,1.0,0.0916666666666666,Beginner,0.0916666666666666,True
IT21104486,Data Analyst,Hypothesis Testing,1.0,0.1054166666666666,Beginner,0.1054166666666666,True
IT21105765,Data Analyst,Hypothesis Testing,1.0,0.1054166666666666,Beginner,0.1054166666666666,True
IT21105800,Data Analyst,Hypothesis Testing,1.0,0.1054166666666666,Beginner,0.1054166666666666,True
IT21106675,Data Analyst,Hypothesis Testing,1.0,0.12375,Beginner,0.12375,True
IT21106687,Data Analyst,Hypothesis Testing,1.0,0.0916666666666666,Beginner,0.0916666666666666,True
IT21109759,Data Analyst,Hypothesis Testing,1.0,0.1054166666666666,Beginner,0.1054166666666666,True
IT21109792,Data Analyst,Hypothesis Testing,1.0,0.1695833333333333,Beginner,0.1695833333333333,True
IT21111574,Data Analyst,Hypothesis Testing,1.0,0.1833333333333333,Beginner,0.1833333333333333,True
IT21111807,Data Analyst,Hypothesis Testing,1.0,0.15125,Beginner,0.15125,True
IT21112122,Data Analyst,Hypothesis Testing,1.0,0.1054166666666666,Beginner,0.1054166666666666,True
IT21113202,Data Analyst,Hypothesis Testing,1.0,0.1375,Beginner,0.1375,True
IT21113715,Data Analyst,Hypothesis Testing,1.0,0.15125,Beginner,0.15125,True
IT21114879,Data Analyst,Hypothesis Testing,1.0,0.1054166666666666,Beginner,0.1054166666666666,True
IT21115406,Data Analyst,Hypothesis Testing,1.0,0.12375,Beginner,0.12375,True
IT21116743,Data Analyst,Hypothesis Testing,1.0,0.1833333333333333,Beginner,0.1833333333333333,True
IT21116992,Data Analyst,Hypothesis Testing,1.0,0.1375,Beginner,0.1375,True
IT21117281,Data Analyst,Hypothesis Testing,1.0,0.1054166666666666,Beginner,0.1054166666666666,True
IT21117831,Data Analyst,Hypothesis Testing,1.0,0.1833333333333333,Beginner,0.1833333333333333,True
IT21117923,Data Analyst,Hypothesis Testing,1.0,0.1833333333333333,Beginner,0.1833333333333333,True
IT21119691,Data Analyst,Hypothesis Testing,1.0,0.0916666666666666,Beginner,0.0916666666666666,True
IT21120216,Data Analyst,Hypothesis Testing,1.0,0.1833333333333333,Beginner,0.1833333333333333,True
IT21120393,Data Analyst,Hypothesis Testing,1.0,0.0916666666666666,Beginner,0.0916666666666666,True
IT21123533,Data Analyst,Hypothesis Testing,1.0,0.12375,Beginner,0.12375,True
IT21125242,Data Analyst,Hypothesis Testing,1.0,0.0916666666666666,Beginner,0.0916666666666666,True
IT21125272,Data Analyst,Hypothesis Testing,1.0,0.1375,Beginner,0.1375,True
IT21125342,Data Analyst,Hypothesis Testing,1.0,0.15125,Beginner,0.15125,True
IT21125639,Data Analyst,Hypothesis Testing,1.0,0.15125,Beginner,0.15125,True
IT21128727,Data Analyst,Hypothesis Testing,1.0,0.15125,Beginner,0.15125,True
IT21128966,Data Analyst,Hypothesis Testing,1.0,0.0916666666666666,Beginner,0.0916666666666666,True
IT21129378,Data Analyst,Hypothesis Testing,1.0,0.1833333333333333,Beginner,0.1833333333333333,True
IT21129684,Data Analyst,Hypothesis Testing,1.0,0.0916666666666666,Beginner,0.0916666666666666,True
IT21131073,Data Analyst,Hypothesis Testing,1.0,0.0916666666666666,Beginner,0.0916666666666666,True
IT21131114,Data Analyst,Hypothesis Testing,1.0,0.1375,Beginner,0.1375,True
IT21131716,Data Analyst,Hypothesis Testing,1.0,0.0916666666666666,Beginner,0.0916666666666666,True
IT21132026,Data Analyst,Hypothesis Testing,1.0,0.1375,Beginner,0.1375,True
IT21132484,Data Analyst,Hypothesis Testing,1.0,0.1375,Beginner,0.1375,True
IT21133301,Data Analyst,Hypothesis Testing,1.0,0.1833333333333333,Beginner,0.1833333333333333,True
IT21134482,Data Analyst,Hypothesis Testing,1.0,0.12375,Beginner,0.12375,True
IT21135573,Data Analyst,Hypothesis Testing,1.0,0.0916666666666666,Beginner,0.0916666666666666,True
IT21135938,Data Analyst,Hypothesis Testing,1.0,0.1695833333333333,Beginner,0.1695833333333333,True
IT21136587,Data Analyst,Hypothesis Testing,1.0,0.12375,Beginner,0.12375,True
IT21136600,Data Analyst,Hypothesis Testing,1.0,0.1054166666666666,Beginner,0.1054166666666666,True
IT21136836,Data Analyst,Hypothesis Testing,1.0,0.1833333333333333,Beginner,0.1833333333333333,True
IT21139327,Data Analyst,Hypothesis Testing,1.0,0.1054166666666666,Beginner,0.1054166666666666,True
IT21140856,Data Analyst,Hypothesis Testing,1.0,0.0916666666666666,Beginner,0.0916666666666666,True
IT21140949,Data Analyst,Hypothesis Testing,1.0,0.1054166666666666,Beginner,0.1054166666666666,True
IT21141509,Data Analyst,Hypothesis Testing,1.0,0.1375,Beginner,0.1375,True
IT21142258,Data Analyst,Hypothesis Testing,1.0,0.0916666666666666,Beginner,0.0916666666666666,True
IT21142589,Data Analyst,Hypothesis Testing,1.0,0.1833333333333333,Beginner,0.1833333333333333,True
IT21142857,Data Analyst,Hypothesis Testing,1.0,0.0916666666666666,Beginner,0.0916666666666666,True
IT21143110,Data Analyst,Hypothesis Testing,1.0,0.15125,Beginner,0.15125,True
IT21143365,Data Analyst,Hypothesis Testing,1.0,0.1833333333333333,Beginner,0.1833333333333333,True
IT21143639,Data Analyst,Hypothesis Testing,1.0,0.12375,Beginner,0.12375,True
IT21144872,Data Analyst,Hypothesis Testing,1.0,0.1833333333333333,Beginner,0.1833333333333333,True
IT21145818,Data Analyst,Hypothesis Testing,1.0,0.12375,Beginner,0.12375,True
IT21145926,Data Analyst,Hypothesis Testing,1.0,0.1375,Beginner,0.1375,True
IT21146798,Data Analyst,Hypothesis Testing,1.0,0.1054166666666666,Beginner,0.1054166666666666,True
IT21147040,Data Analyst,Hypothesis Testing,1.0,0.1054166666666666,Beginner,0.1054166666666666,True
IT21147870,Data Analyst,Hypothesis Testing,1.0,0.12375,Beginner,0.12375,True
IT21149680,Data Analyst,Hypothesis Testing,1.0,0.15125,Beginner,0.15125,True
IT21150455,Data Analyst,Hypothesis Testing,1.0,0.12375,Beginner,0.12375,True
IT21152200,Data Analyst,Hypothesis Testing,1.0,0.15125,Beginner,0.15125,True
IT21152838,Data Analyst,Hypothesis Testing,1.0,0.1054166666666666,Beginner,0.1054166666666666,True
IT21154267,Data Analyst,Hypothesis Testing,1.0,0.1833333333333333,Beginner,0.1833333333333333,True
IT21155058,Data Analyst,Hypothesis Testing,1.0,0.0916666666666666,Beginner,0.0916666666666666,True
IT21155149,Data Analyst,Hypothesis Testing,1.0,0.1833333333333333,Beginner,0.1833333333333333,True
IT21156616,Data Analyst,Hypothesis Testing,1.0,0.1695833333333333,Beginner,0.1695833333333333,True
IT21157718,Data Analyst,Hypothesis Testing,1.0,0.1054166666666666,Beginner,0.1054166666666666,True
IT21157755,Data Analyst,Hypothesis Testing,1.0,0.1054166666666666,Beginner,0.1054166666666666,True
IT21159501,Data Analyst,Hypothesis Testing,1.0,0.1375,Beginner,0.1375,True
IT21159600,Data Analyst,Hypothesis Testing,1.0,0.15125,Beginner,0.15125,True
IT21159652,Data Analyst,Hypothesis Testing,1.0,0.12375,Beginner,0.12375,True
IT21159764,Data Analyst,Hypothesis Testing,1.0,0.1695833333333333,Beginner,0.1695833333333333,True
IT21160572,Data Analyst,Hypothesis Testing,1.0,0.15125,Beginner,0.15125,True
IT21161162,Data Analyst,Hypothesis Testing,1.0,0.1695833333333333,Beginner,0.1695833333333333,True
IT21161717,Data Analyst,Hypothesis Testing,1.0,0.1833333333333333,Beginner,0.1833333333333333,True
IT21162073,Data Analyst,Hypothesis Testing,1.0,0.1375,Beginner,0.1375,True
IT21165170,Data Analyst,Hypothesis Testing,1.0,0.12375,Beginner,0.12375,True
IT21165683,Data Analyst,Hypothesis Testing,1.0,0.0916666666666666,Beginner,0.0916666666666666,True
IT21165795,Data Analyst,Hypothesis Testing,1.0,0.1833333333333333,Beginner,0.1833333333333333,True
IT21166376,Data Analyst,Hypothesis Testing,1.0,0.1375,Beginner,0.1375,True
IT21166514,Data Analyst,Hypothesis Testing,1.0,0.12375,Beginner,0.12375,True
IT21166636,Data Analyst,Hypothesis Testing,1.0,0.1833333333333333,Beginner,0.1833333333333333,True
IT21166942,Data Analyst,Hypothesis Testing,1.0,0.0916666666666666,Beginner,0.0916666666666666,True
IT21167342,Data Analyst,Hypothesis Testing,1.0,0.1695833333333333,Beginner,0.1695833333333333,True
IT21167490,Data Analyst,Hypothesis Testing,1.0,0.0916666666666666,Beginner,0.0916666666666666,True
IT21169116,Data Analyst,Hypothesis Testing,1.0,0.12375,Beginner,0.12375,True
IT21172211,Data Analyst,Hypothesis Testing,1.0,0.1695833333333333,Beginner,0.1695833333333333,True
IT21172774,Data Analyst,Hypothesis Testing,1.0,0.1833333333333333,Beginner,0.1833333333333333,True
IT21173209,Data Analyst,Hypothesis Testing,1.0,0.1695833333333333,Beginner,0.1695833333333333,True
IT21173714,Data Analyst,Hypothesis Testing,1.0,0.1375,Beginner,0.1375,True
IT21176127,Data Analyst,Hypothesis Testing,1.0,0.1054166666666666,Beginner,0.1054166666666666,True
IT21176613,Data Analyst,Hypothesis Testing,1.0,0.1833333333333333,Beginner,0.1833333333333333,True
IT21177033,Data Analyst,Hypothesis Testing,1.0,0.1054166666666666,Beginner,0.1054166666666666,True
IT21179526,Data Analyst,Hypothesis Testing,1.0,0.1054166666666666,Beginner,0.1054166666666666,True
IT21180267,Data Analyst,Hypothesis Testing,1.0,0.1375,Beginner,0.1375,True
IT21180534,Data Analyst,Hypothesis Testing,1.0,0.1695833333333333,Beginner,0.1695833333333333,True
IT21182326,Data Analyst,Hypothesis Testing,1.0,0.1695833333333333,Beginner,0.1695833333333333,True
IT21182692,Data Analyst,Hypothesis Testing,1.0,0.15125,Beginner,0.15125,True
IT21182943,Data Analyst,Hypothesis Testing,1.0,0.1054166666666666,Beginner,0.1054166666666666,True
IT21183599,Data Analyst,Hypothesis Testing,1.0,0.1695833333333333,Beginner,0.1695833333333333,True
IT21184000,Data Analyst,Hypothesis Testing,1.0,0.1054166666666666,Beginner,0.1054166666666666,True
IT21184108,Data Analyst,Hypothesis Testing,1.0,0.15125,Beginner,0.15125,True
IT21184161,Data Analyst,Hypothesis Testing,1.0,0.1054166666666666,Beginner,0.1054166666666666,True
IT21184486,Data Analyst,Hypothesis Testing,1.0,0.1375,Beginner,0.1375,True
IT21185938,Data Analyst,Hypothesis Testing,1.0,0.12375,Beginner,0.12375,True
IT21186058,Data Analyst,Hypothesis Testing,1.0,0.1695833333333333,Beginner,0.1695833333333333,True
IT21186668,Data Analyst,Hypothesis Testing,1.0,0.15125,Beginner,0.15125,True
IT21186768,Data Analyst,Hypothesis Testing,1.0,0.1833333333333333,Beginner,0.1833333333333333,True
IT21188158,Data Analyst,Hypothesis Testing,1.0,0.15125,Beginner,0.15125,True
IT21191519,Data Analyst,Hypothesis Testing,1.0,0.1695833333333333,Beginner,0.1695833333333333,True
IT21193064,Data Analyst,Hypothesis Testing,1.0,0.1695833333333333,Beginner,0.1695833333333333,True
IT21193758,Data Analyst,Hypothesis Testing,1.0,0.0916666666666666,Beginner,0.0916666666666666,True
IT21195587,Data Analyst,Hypothesis Testing,1.0,0.1054166666666666,Beginner,0.1054166666666666,True
IT21197751,Data Analyst,Hypothesis Testing,1.0,0.1375,Beginner,0.1375,True
IT21198009,Data Analyst,Hypothesis Testing,1.0,0.0916666666666666,Beginner,0.0916666666666666,True
IT21198096,Data Analyst,Hypothesis Testing,1.0,0.0916666666666666,Beginner,0.0916666666666666,True
IT21198243,Data Analyst,Hypothesis Testing,1.0,0.1375,Beginner,0.1375,True
IT21200653,Data Analyst,Hypothesis Testing,1.0,0.1695833333333333,Beginner,0.1695833333333333,True
IT21201174,Data Analyst,Hypothesis Testing,1.0,0.12375,Beginner,0.12375,True
IT21201723,Data Analyst,Hypothesis Testing,1.0,0.1375,Beginner,0.1375,True
IT21204234,Data Analyst,Hypothesis Testing,1.0,0.1375,Beginner,0.1375,True
IT21204672,Data Analyst,Hypothesis Testing,1.0,0.1375,Beginner,0.1375,True
IT21206407,Data Analyst,Hypothesis Testing,1.0,0.1054166666666666,Beginner,0.1054166666666666,True
IT21209156,Data Analyst,Hypothesis Testing,1.0,0.1054166666666666,Beginner,0.1054166666666666,True
IT21209779,Data Analyst,Hypothesis Testing,1.0,0.12375,Beginner,0.12375,True
IT21211120,Data Analyst,Hypothesis Testing,1.0,0.1054166666666666,Beginner,0.1054166666666666,True
IT21211411,Data Analyst,Hypothesis Testing,1.0,0.1695833333333333,Beginner,0.1695833333333333,True
IT21212435,Data Analyst,Hypothesis Testing,1.0,0.1054166666666666,Beginner,0.1054166666666666,True
IT21212511,Data Analyst,Hypothesis Testing,1.0,0.15125,Beginner,0.15125,True
IT21213681,Data Analyst,Hypothesis Testing,1.0,0.1695833333333333,Beginner,0.1695833333333333,True
IT21215014,Data Analyst,Hypothesis Testing,1.0,0.1695833333333333,Beginner,0.1695833333333333,True
IT21215161,Data Analyst,Hypothesis Testing,1.0,0.1833333333333333,Beginner,0.1833333333333333,True
IT21216708,Data Analyst,Hypothesis Testing,1.0,0.1375,Beginner,0.1375,True
IT21216888,Data Analyst,Hypothesis Testing,1.0,0.1054166666666666,Beginner,0.1054166666666666,True
IT21217072,Data Analyst,Hypothesis Testing,1.0,0.12375,Beginner,0.12375,True
IT21217996,Data Analyst,Hypothesis Testing,1.0,0.15125,Beginner,0.15125,True
IT21218396,Data Analyst,Hypothesis Testing,1.0,0.1054166666666666,Beginner,0.1054166666666666,True
IT21219446,Data Analyst,Hypothesis Testing,1.0,0.1054166666666666,Beginner,0.1054166666666666,True
IT21220822,Data Analyst,Hypothesis Testing,1.0,0.15125,Beginner,0.15125,True
IT21221107,Data Analyst,Hypothesis Testing,1.0,0.1833333333333333,Beginner,0.1833333333333333,True
IT21222027,Data Analyst,Hypothesis Testing,1.0,0.12375,Beginner,0.12375,True
IT21222102,Data Analyst,Hypothesis Testing,1.0,0.1375,Beginner,0.1375,True
IT21224206,Data Analyst,Hypothesis Testing,1.0,0.0916666666666666,Beginner,0.0916666666666666,True
IT21226795,Data Analyst,Hypothesis Testing,1.0,0.1695833333333333,Beginner,0.1695833333333333,True
IT21227024,Data Analyst,Hypothesis Testing,1.0,0.1695833333333333,Beginner,0.1695833333333333,True
IT21227300,Data Analyst,Hypothesis Testing,1.0,0.1054166666666666,Beginner,0.1054166666666666,True
IT21227851,Data Analyst,Hypothesis Testing,1.0,0.0916666666666666,Beginner,0.0916666666666666,True
IT21228733,Data Analyst,Hypothesis Testing,1.0,0.15125,Beginner,0.15125,True
IT21229942,Data Analyst,Hypothesis Testing,1.0,0.12375,Beginner,0.12375,True
IT21234535,Data Analyst,Hypothesis Testing,1.0,0.12375,Beginner,0.12375,True
IT21236177,Data Analyst,Hypothesis Testing,1.0,0.15125,Beginner,0.15125,True
IT21237330,Data Analyst,Hypothesis Testing,1.0,0.0916666666666666,Beginner,0.0916666666666666,True
IT21237796,Data Analyst,Hypothesis Testing,1.0,0.1375,Beginner,0.1375,True
IT21238641,Data Analyst,Hypothesis Testing,1.0,0.1695833333333333,Beginner,0.1695833333333333,True
IT21239173,Data Analyst,Hypothesis Testing,1.0,0.1695833333333333,Beginner,0.1695833333333333,True
IT21239795,Data Analyst,Hypothesis Testing,1.0,0.0916666666666666,Beginner,0.0916666666666666,True
IT21240480,Data Analyst,Hypothesis Testing,1.0,0.15125,Beginner,0.15125,True
IT21242306,Data Analyst,Hypothesis Testing,1.0,0.0916666666666666,Beginner,0.0916666666666666,True
IT21243847,Data Analyst,Hypothesis Testing,1.0,0.1833333333333333,Beginner,0.1833333333333333,True
IT21244991,Data Analyst,Hypothesis Testing,1.0,0.1375,Beginner,0.1375,True
IT21246146,Data Analyst,Hypothesis Testing,1.0,0.0916666666666666,Beginner,0.0916666666666666,True
IT21246396,Data Analyst,Hypothesis Testing,1.0,0.1375,Beginner,0.1375,True
IT21247023,Data Analyst,Hypothesis Testing,1.0,0.1054166666666666,Beginner,0.1054166666666666,True
IT21247391,Data Analyst,Hypothesis Testing,1.0,0.12375,Beginner,0.12375,True
IT21247982,Data Analyst,Hypothesis Testing,1.0,0.0916666666666666,Beginner,0.0916666666666666,True
IT21248710,Data Analyst,Hypothesis Testing,1.0,0.1695833333333333,Beginner,0.1695833333333333,True
IT21248985,Data Analyst,Hypothesis Testing,1.0,0.12375,Beginner,0.12375,True
IT21249702,Data Analyst,Hypothesis Testing,1.0,0.1833333333333333,Beginner,0.1833333333333333,True
IT21249982,Data Analyst,Hypothesis Testing,1.0,0.1695833333333333,Beginner,0.1695833333333333,True
IT21251355,Data Analyst,Hypothesis Testing,1.0,0.1695833333333333,Beginner,0.1695833333333333,True
IT21252098,Data Analyst,Hypothesis Testing,1.0,0.12375,Beginner,0.12375,True
IT21253495,Data Analyst,Hypothesis Testing,1.0,0.1695833333333333,Beginner,0.1695833333333333,True
IT21253628,Data Analyst,Hypothesis Testing,1.0,0.12375,Beginner,0.12375,True
IT21254301,Data Analyst,Hypothesis Testing,1.0,0.0916666666666666,Beginner,0.0916666666666666,True
IT21254473,Data Analyst,Hypothesis Testing,1.0,0.1695833333333333,Beginner,0.1695833333333333,True
IT21256153,Data Analyst,Hypothesis Testing,1.0,0.0916666666666666,Beginner,0.0916666666666666,True
IT21257108,Data Analyst,Hypothesis Testing,1.0,0.1375,Beginner,0.1375,True
IT21258466,Data Analyst,Hypothesis Testing,1.0,0.1375,Beginner,0.1375,True
IT21258835,Data Analyst,Hypothesis Testing,1.0,0.15125,Beginner,0.15125,True
IT21260513,Data Analyst,Hypothesis Testing,1.0,0.15125,Beginner,0.15125,True
IT21262399,Data Analyst,Hypothesis Testing,1.0,0.12375,Beginner,0.12375,True
IT21262659,Data Analyst,Hypothesis Testing,1.0,0.1375,Beginner,0.1375,True
IT21262730,Data Analyst,Hypothesis Testing,1.0,0.1375,Beginner,0.1375,True
IT21263116,Data Analyst,Hypothesis Testing,1.0,0.1833333333333333,Beginner,0.1833333333333333,True
IT21267797,Data Analyst,Hypothesis Testing,1.0,0.1054166666666666,Beginner,0.1054166666666666,True
IT21268607,Data Analyst,Hypothesis Testing,1.0,0.1054166666666666,Beginner,0.1054166666666666,True
IT21271148,Data Analyst,Hypothesis Testing,1.0,0.1054166666666666,Beginner,0.1054166666666666,True
IT21271710,Data Analyst,Hypothesis Testing,1.0,0.1833333333333333,Beginner,0.1833333333333333,True
IT21273198,Data Analyst,Hypothesis Testing,1.0,0.1054166666666666,Beginner,0.1054166666666666,True
IT21273214,Data Analyst,Hypothesis Testing,1.0,0.15125,Beginner,0.15125,True
IT21274057,Data Analyst,Hypothesis Testing,1.0,0.0916666666666666,Beginner,0.0916666666666666,True
IT21274313,Data Analyst,Hypothesis Testing,1.0,0.0916666666666666,Beginner,0.0916666666666666,True
IT21275321,Data Analyst,Hypothesis Testing,1.0,0.1375,Beginner,0.1375,True
IT21277378,Data Analyst,Hypothesis Testing,1.0,0.0916666666666666,Beginner,0.0916666666666666,True
IT21281805,Data Analyst,Hypothesis Testing,1.0,0.15125,Beginner,0.15125,True
IT21282519,Data Analyst,Hypothesis Testing,1.0,0.0916666666666666,Beginner,0.0916666666666666,True
IT21284502,Data Analyst,Hypothesis Testing,1.0,0.15125,Beginner,0.15125,True
IT21284702,Data Analyst,Hypothesis Testing,1.0,0.15125,Beginner,0.15125,True
IT21285799,Data Analyst,Hypothesis Testing,1.0,0.1833333333333333,Beginner,0.1833333333333333,True
IT21286420,Data Analyst,Hypothesis Testing,1.0,0.12375,Beginner,0.12375,True
IT21287319,Data Analyst,Hypothesis Testing,1.0,0.1375,Beginner,0.1375,True
IT21289795,Data Analyst,Hypothesis Testing,1.0,0.12375,Beginner,0.12375,True
IT21290109,Data Analyst,Hypothesis Testing,1.0,0.15125,Beginner,0.15125,True
IT21291184,Data Analyst,Hypothesis Testing,1.0,0.1375,Beginner,0.1375,True
IT21291202,Data Analyst,Hypothesis Testing,1.0,0.1695833333333333,Beginner,0.1695833333333333,True
IT21292587,Data Analyst,Hypothesis Testing,1.0,0.1695833333333333,Beginner,0.1695833333333333,True
IT21293546,Data Analyst,Hypothesis Testing,1.0,0.12375,Beginner,0.12375,True
IT21295371,Data Analyst,Hypothesis Testing,1.0,0.0916666666666666,Beginner,0.0916666666666666,True
IT21295515,Data Analyst,Hypothesis Testing,1.0,0.1695833333333333,Beginner,0.1695833333333333,True
IT21297829,Data Analyst,Hypothesis Testing,1.0,0.1695833333333333,Beginner,0.1695833333333333,True
IT21298281,Data Analyst,Hypothesis Testing,1.0,0.1375,Beginner,0.1375,True
IT21300590,Data Analyst,Hypothesis Testing,1.0,0.1833333333333333,Beginner,0.1833333333333333,True
IT21307927,Data Analyst,Hypothesis Testing,1.0,0.15125,Beginner,0.15125,True
IT21308610,Data Analyst,Hypothesis Testing,1.0,0.1375,Beginner,0.1375,True
IT21309656,Data Analyst,Hypothesis Testing,1.0,0.1375,Beginner,0.1375,True
IT21311432,Data Analyst,Hypothesis Testing,1.0,0.1695833333333333,Beginner,0.1695833333333333,True
IT21313410,Data Analyst,Hypothesis Testing,1.0,0.1375,Beginner,0.1375,True
IT21313710,Data Analyst,Hypothesis Testing,1.0,0.1833333333333333,Beginner,0.1833333333333333,True
IT21314274,Data Analyst,Hypothesis Testing,1.0,0.1833333333333333,Beginner,0.1833333333333333,True
IT21314295,Data Analyst,Hypothesis Testing,1.0,0.1833333333333333,Beginner,0.1833333333333333,True
IT21315598,Data Analyst,Hypothesis Testing,1.0,0.0916666666666666,Beginner,0.0916666666666666,True
IT21316125,Data Analyst,Hypothesis Testing,1.0,0.0916666666666666,Beginner,0.0916666666666666,True
IT21316956,Data Analyst,Hypothesis Testing,1.0,0.1695833333333333,Beginner,0.1695833333333333,True
IT21317293,Data Analyst,Hypothesis Testing,1.0,0.1695833333333333,Beginner,0.1695833333333333,True
IT21317311,Data Analyst,Hypothesis Testing,1.0,0.1375,Beginner,0.1375,True
IT21317977,Data Analyst,Hypothesis Testing,1.0,0.1054166666666666,Beginner,0.1054166666666666,True
IT21319622,Data Analyst,Hypothesis Testing,1.0,0.15125,Beginner,0.15125,True
IT21319628,Data Analyst,Hypothesis Testing,1.0,0.0916666666666666,Beginner,0.0916666666666666,True
IT21320182,Data Analyst,Hypothesis Testing,1.0,0.1695833333333333,Beginner,0.1695833333333333,True
IT21321548,Data Analyst,Hypothesis Testing,1.0,0.15125,Beginner,0.15125,True
IT21322046,Data Analyst,Hypothesis Testing,1.0,0.0916666666666666,Beginner,0.0916666666666666,True
IT21323526,Data Analyst,Hypothesis Testing,1.0,0.0916666666666666,Beginner,0.0916666666666666,True
IT21323837,Data Analyst,Hypothesis Testing,1.0,0.15125,Beginner,0.15125,True
IT21325280,Data Analyst,Hypothesis Testing,1.0,0.1833333333333333,Beginner,0.1833333333333333,True
IT21325538,Data Analyst,Hypothesis Testing,1.0,0.0916666666666666,Beginner,0.0916666666666666,True
IT21327169,Data Analyst,Hypothesis Testing,1.0,0.15125,Beginner,0.15125,True
IT21328116,Data Analyst,Hypothesis Testing,1.0,0.1695833333333333,Beginner,0.1695833333333333,True
IT21328956,Data Analyst,Hypothesis Testing,1.0,0.15125,Beginner,0.15125,True
IT21329172,Data Analyst,Hypothesis Testing,1.0,0.1375,Beginner,0.1375,True
IT21330086,Data Analyst,Hypothesis Testing,1.0,0.15125,Beginner,0.15125,True
IT21331616,Data Analyst,Hypothesis Testing,1.0,0.12375,Beginner,0.12375,True
IT21333622,Data Analyst,Hypothesis Testing,1.0,0.1695833333333333,Beginner,0.1695833333333333,True
IT21335485,Data Analyst,Hypothesis Testing,1.0,0.15125,Beginner,0.15125,True
IT21338296,Data Analyst,Hypothesis Testing,1.0,0.1375,Beginner,0.1375,True
IT21339074,Data Analyst,Hypothesis Testing,1.0,0.15125,Beginner,0.15125,True
IT21341567,Data Analyst,Hypothesis Testing,1.0,0.1054166666666666,Beginner,0.1054166666666666,True
IT21341875,Data Analyst,Hypothesis Testing,1.0,0.0916666666666666,Beginner,0.0916666666666666,True
IT21342845,Data Analyst,Hypothesis Testing,1.0,0.0916666666666666,Beginner,0.0916666666666666,True
IT21343331,Data Analyst,Hypothesis Testing,1.0,0.1833333333333333,Beginner,0.1833333333333333,True
IT21346108,Data Analyst,Hypothesis Testing,1.0,0.1695833333333333,Beginner,0.1695833333333333,True
IT21346626,Data Analyst,Hypothesis Testing,1.0,0.1833333333333333,Beginner,0.1833333333333333,True
IT21347594,Data Analyst,Hypothesis Testing,1.0,0.0916666666666666,Beginner,0.0916666666666666,True
IT21349313,Data Analyst,Hypothesis Testing,1.0,0.12375,Beginner,0.12375,True
IT21349872,Data Analyst,Hypothesis Testing,1.0,0.1054166666666666,Beginner,0.1054166666666666,True
IT21353605,Data Analyst,Hypothesis Testing,1.0,0.1375,Beginner,0.1375,True
IT21353663,Data Analyst,Hypothesis Testing,1.0,0.1054166666666666,Beginner,0.1054166666666666,True
IT21355081,Data Analyst,Hypothesis Testing,1.0,0.1054166666666666,Beginner,0.1054166666666666,True
IT21355979,Data Analyst,Hypothesis Testing,1.0,0.15125,Beginner,0.15125,True
IT21357363,Data Analyst,Hypothesis Testing,1.0,0.1833333333333333,Beginner,0.1833333333333333,True
IT21358348,Data Analyst,Hypothesis Testing,1.0,0.1695833333333333,Beginner,0.1695833333333333,True
IT21358956,Data Analyst,Hypothesis Testing,1.0,0.12375,Beginner,0.12375,True
IT21359167,Data Analyst,Hypothesis Testing,1.0,0.1695833333333333,Beginner,0.1695833333333333,True
IT21359562,Data Analyst,Hypothesis Testing,1.0,0.15125,Beginner,0.15125,True
IT21363238,Data Analyst,Hypothesis Testing,1.0,0.15125,Beginner,0.15125,True
IT21363404,Data Analyst,Hypothesis Testing,1.0,0.1054166666666666,Beginner,0.1054166666666666,True
IT21364287,Data Analyst,Hypothesis Testing,1.0,0.1054166666666666,Beginner,0.1054166666666666,True
IT21364454,Data Analyst,Hypothesis Testing,1.0,0.1695833333333333,Beginner,0.1695833333333333,True
IT21365507,Data Analyst,Hypothesis Testing,1.0,0.12375,Beginner,0.12375,True
IT21366063,Data Analyst,Hypothesis Testing,1.0,0.1375,Beginner,0.1375,True
IT21367834,Data Analyst,Hypothesis Testing,1.0,0.1054166666666666,Beginner,0.1054166666666666,True
IT21369638,Data Analyst,Hypothesis Testing,1.0,0.15125,Beginner,0.15125,True
IT21371276,Data Analyst,Hypothesis Testing,1.0,0.1833333333333333,Beginner,0.1833333333333333,True
IT21372315,Data Analyst,Hypothesis Testing,1.0,0.0916666666666666,Beginner,0.0916666666666666,True
IT21372625,Data Analyst,Hypothesis Testing,1.0,0.0916666666666666,Beginner,0.0916666666666666,True
IT21372758,Data Analyst,Hypothesis Testing,1.0,0.15125,Beginner,0.15125,True
IT21372987,Data Analyst,Hypothesis Testing,1.0,0.1695833333333333,Beginner,0.1695833333333333,True
IT21373836,Data Analyst,Hypothesis Testing,1.0,0.1695833333333333,Beginner,0.1695833333333333,True
IT21375177,Data Analyst,Hypothesis Testing,1.0,0.1695833333333333,Beginner,0.1695833333333333,True
IT21375827,Data Analyst,Hypothesis Testing,1.0,0.15125,Beginner,0.15125,True
IT21377092,Data Analyst,Hypothesis Testing,1.0,0.1695833333333333,Beginner,0.1695833333333333,True
IT21378552,Data Analyst,Hypothesis Testing,1.0,0.12375,Beginner,0.12375,True
IT21381070,Data Analyst,Hypothesis Testing,1.0,0.0916666666666666,Beginner,0.0916666666666666,True
IT21381478,Data Analyst,Hypothesis Testing,1.0,0.15125,Beginner,0.15125,True
IT21383806,Data Analyst,Hypothesis Testing,1.0,0.12375,Beginner,0.12375,True
IT21387496,Data Analyst,Hypothesis Testing,1.0,0.1054166666666666,Beginner,0.1054166666666666,True
IT21387926,Data Analyst,Hypothesis Testing,1.0,0.1054166666666666,Beginner,0.1054166666666666,True
IT21388054,Data Analyst,Hypothesis Testing,1.0,0.15125,Beginner,0.15125,True
IT21388174,Data Analyst,Hypothesis Testing,1.0,0.15125,Beginner,0.15125,True
IT21388319,Data Analyst,Hypothesis Testing,1.0,0.1833333333333333,Beginner,0.1833333333333333,True
IT21388729,Data Analyst,Hypothesis Testing,1.0,0.12375,Beginner,0.12375,True
IT21389561,Data Analyst,Hypothesis Testing,1.0,0.1054166666666666,Beginner,0.1054166666666666,True
IT21389737,Data Analyst,Hypothesis Testing,1.0,0.1695833333333333,Beginner,0.1695833333333333,True
IT21391804,Data Analyst,Hypothesis Testing,1.0,0.12375,Beginner,0.12375,True
IT21392950,Data Analyst,Hypothesis Testing,1.0,0.1695833333333333,Beginner,0.1695833333333333,True
IT21393197,Data Analyst,Hypothesis Testing,1.0,0.1054166666666666,Beginner,0.1054166666666666,True
IT21393746,Data Analyst,Hypothesis Testing,1.0,0.1833333333333333,Beginner,0.1833333333333333,True
IT21393984,Data Analyst,Hypothesis Testing,1.0,0.1695833333333333,Beginner,0.1695833333333333,True
IT21396804,Data Analyst,Hypothesis Testing,1.0,0.1375,Beginner,0.1375,True
IT21399750,Data Analyst,Hypothesis Testing,1.0,0.1833333333333333,Beginner,0.1833333333333333,True
IT21403020,Data Analyst,Hypothesis Testing,1.0,0.1054166666666666,Beginner,0.1054166666666666,True
IT21403210,Data Analyst,Hypothesis Testing,1.0,0.15125,Beginner,0.15125,True
IT21406474,Data Analyst,Hypothesis Testing,1.0,0.1375,Beginner,0.1375,True
IT21406634,Data Analyst,Hypothesis Testing,1.0,0.12375,Beginner,0.12375,True
IT21410784,Data Analyst,Hypothesis Testing,1.0,0.12375,Beginner,0.12375,True
IT21410870,Data Analyst,Hypothesis Testing,1.0,0.0916666666666666,Beginner,0.0916666666666666,True
IT21411642,Data Analyst,Hypothesis Testing,1.0,0.0916666666666666,Beginner,0.0916666666666666,True
IT21412328,Data Analyst,Hypothesis Testing,1.0,0.0916666666666666,Beginner,0.0916666666666666,True
IT21412451,Data Analyst,Hypothesis Testing,1.0,0.1054166666666666,Beginner,0.1054166666666666,True
IT21414281,Data Analyst,Hypothesis Testing,1.0,0.1695833333333333,Beginner,0.1695833333333333,True
IT21416218,Data Analyst,Hypothesis Testing,1.0,0.1833333333333333,Beginner,0.1833333333333333,True
IT21416739,Data Analyst,Hypothesis Testing,1.0,0.1833333333333333,Beginner,0.1833333333333333,True
IT21419097,Data Analyst,Hypothesis Testing,1.0,0.1695833333333333,Beginner,0.1695833333333333,True
IT21419752,Data Analyst,Hypothesis Testing,1.0,0.1695833333333333,Beginner,0.1695833333333333,True
IT21420181,Data Analyst,Hypothesis Testing,1.0,0.1833333333333333,Beginner,0.1833333333333333,True
IT21421618,Data Analyst,Hypothesis Testing,1.0,0.1054166666666666,Beginner,0.1054166666666666,True
IT21422224,Data Analyst,Hypothesis Testing,1.0,0.0916666666666666,Beginner,0.0916666666666666,True
IT21423272,Data Analyst,Hypothesis Testing,1.0,0.15125,Beginner,0.15125,True
IT21424480,Data Analyst,Hypothesis Testing,1.0,0.1833333333333333,Beginner,0.1833333333333333,True
IT21425238,Data Analyst,Hypothesis Testing,1.0,0.0916666666666666,Beginner,0.0916666666666666,True
IT21425306,Data Analyst,Hypothesis Testing,1.0,0.1054166666666666,Beginner,0.1054166666666666,True
IT21429423,Data Analyst,Hypothesis Testing,1.0,0.0916666666666666,Beginner,0.0916666666666666,True
IT21430190,Data Analyst,Hypothesis Testing,1.0,0.1833333333333333,Beginner,0.1833333333333333,True
IT21430488,Data Analyst,Hypothesis Testing,1.0,0.1833333333333333,Beginner,0.1833333333333333,True
IT21431196,Data Analyst,Hypothesis Testing,1.0,0.12375,Beginner,0.12375,True
IT21431332,Data Analyst,Hypothesis Testing,1.0,0.1054166666666666,Beginner,0.1054166666666666,True
IT21432720,Data Analyst,Hypothesis Testing,1.0,0.1695833333333333,Beginner,0.1695833333333333,True
IT21432741,Data Analyst,Hypothesis Testing,1.0,0.1833333333333333,Beginner,0.1833333333333333,True
IT21432904,Data Analyst,Hypothesis Testing,1.0,0.1695833333333333,Beginner,0.1695833333333333,True
IT21433029,Data Analyst,Hypothesis Testing,1.0,0.1375,Beginner,0.1375,True
IT21433068,Data Analyst,Hypothesis Testing,1.0,0.12375,Beginner,0.12375,True
IT21433200,Data Analyst,Hypothesis Testing,1.0,0.1375,Beginner,0.1375,True
IT21433528,Data Analyst,Hypothesis Testing,1.0,0.15125,Beginner,0.15125,True
IT21433548,Data Analyst,Hypothesis Testing,1.0,0.1375,Beginner,0.1375,True
IT21435861,Data Analyst,Hypothesis Testing,1.0,0.1054166666666666,Beginner,0.1054166666666666,True
IT21436492,Data Analyst,Hypothesis Testing,1.0,0.12375,Beginner,0.12375,True
IT21437101,Data Analyst,Hypothesis Testing,1.0,0.1054166666666666,Beginner,0.1054166666666666,True
IT21438361,Data Analyst,Hypothesis Testing,1.0,0.1833333333333333,Beginner,0.1833333333333333,True
IT21438799,Data Analyst,Hypothesis Testing,1.0,0.1695833333333333,Beginner,0.1695833333333333,True
IT21438893,Data Analyst,Hypothesis Testing,1.0,0.0916666666666666,Beginner,0.0916666666666666,True
IT21439547,Data Analyst,Hypothesis Testing,1.0,0.1695833333333333,Beginner,0.1695833333333333,True
IT21443126,Data Analyst,Hypothesis Testing,1.0,0.1833333333333333,Beginner,0.1833333333333333,True
IT21444543,Data Analyst,Hypothesis Testing,1.0,0.1375,Beginner,0.1375,True
IT21444706,Data Analyst,Hypothesis Testing,1.0,0.1833333333333333,Beginner,0.1833333333333333,True
IT21445061,Data Analyst,Hypothesis Testing,1.0,0.15125,Beginner,0.15125,True
IT21445270,Data Analyst,Hypothesis Testing,1.0,0.15125,Beginner,0.15125,True
IT21446094,Data Analyst,Hypothesis Testing,1.0,0.12375,Beginner,0.12375,True
IT21446314,Data Analyst,Hypothesis Testing,1.0,0.1375,Beginner,0.1375,True
IT21447929,Data Analyst,Hypothesis Testing,1.0,0.1833333333333333,Beginner,0.1833333333333333,True
IT21449443,Data Analyst,Hypothesis Testing,1.0,0.1375,Beginner,0.1375,True
IT21449684,Data Analyst,Hypothesis Testing,1.0,0.15125,Beginner,0.15125,True
IT21451499,Data Analyst,Hypothesis Testing,1.0,0.12375,Beginner,0.12375,True
IT21452159,Data Analyst,Hypothesis Testing,1.0,0.1695833333333333,Beginner,0.1695833333333333,True
IT21452403,Data Analyst,Hypothesis Testing,1.0,0.12375,Beginner,0.12375,True
IT21453591,Data Analyst,Hypothesis Testing,1.0,0.15125,Beginner,0.15125,True
IT21454436,Data Analyst,Hypothesis Testing,1.0,0.12375,Beginner,0.12375,True
IT21457004,Data Analyst,Hypothesis Testing,1.0,0.1833333333333333,Beginner,0.1833333333333333,True
IT21457968,Data Analyst,Hypothesis Testing,1.0,0.1375,Beginner,0.1375,True
IT21458785,Data Analyst,Hypothesis Testing,1.0,0.15125,Beginner,0.15125,True
IT21461178,Data Analyst,Hypothesis Testing,1.0,0.1054166666666666,Beginner,0.1054166666666666,True
IT21463009,Data Analyst,Hypothesis Testing,1.0,0.0916666666666666,Beginner,0.0916666666666666,True
IT21463286,Data Analyst,Hypothesis Testing,1.0,0.1375,Beginner,0.1375,True
IT21464530,Data Analyst,Hypothesis Testing,1.0,0.1375,Beginner,0.1375,True
IT21464681,Data Analyst,Hypothesis Testing,1.0,0.0916666666666666,Beginner,0.0916666666666666,True
IT21464789,Data Analyst,Hypothesis Testing,1.0,0.1054166666666666,Beginner,0.1054166666666666,True
IT21465218,Data Analyst,Hypothesis Testing,1.0,0.1054166666666666,Beginner,0.1054166666666666,True
IT21465348,Data Analyst,Hypothesis Testing,1.0,0.12375,Beginner,0.12375,True
IT21466795,Data Analyst,Hypothesis Testing,1.0,0.1054166666666666,Beginner,0.1054166666666666,True
IT21467007,Data Analyst,Hypothesis Testing,1.0,0.12375,Beginner,0.12375,True
IT21468384,Data Analyst,Hypothesis Testing,1.0,0.1054166666666666,Beginner,0.1054166666666666,True
IT21471628,Data Analyst,Hypothesis Testing,1.0,0.1054166666666666,Beginner,0.1054166666666666,True
IT21471843,Data Analyst,Hypothesis Testing,1.0,0.1833333333333333,Beginner,0.1833333333333333,True
IT21471932,Data Analyst,Hypothesis Testing,1.0,0.15125,Beginner,0.15125,True
IT21472854,Data Analyst,Hypothesis Testing,1.0,0.12375,Beginner,0.12375,True
IT21473214,Data Analyst,Hypothesis Testing,1.0,0.1054166666666666,Beginner,0.1054166666666666,True
IT21474360,Data Analyst,Hypothesis Testing,1.0,0.12375,Beginner,0.12375,True
IT21475295,Data Analyst,Hypothesis Testing,1.0,0.0916666666666666,Beginner,0.0916666666666666,True
IT21477211,Data Analyst,Hypothesis Testing,1.0,0.1375,Beginner,0.1375,True
IT21477607,Data Analyst,Hypothesis Testing,1.0,0.1375,Beginner,0.1375,True
IT21478797,Data Analyst,Hypothesis Testing,1.0,0.15125,Beginner,0.15125,True
IT21479214,Data Analyst,Hypothesis Testing,1.0,0.15125,Beginner,0.15125,True
IT21480960,Data Analyst,Hypothesis Testing,1.0,0.1833333333333333,Beginner,0.1833333333333333,True
IT21481761,Data Analyst,Hypothesis Testing,1.0,0.12375,Beginner,0.12375,True
IT21483984,Data Analyst,Hypothesis Testing,1.0,0.15125,Beginner,0.15125,True
IT21486313,Data Analyst,Hypothesis Testing,1.0,0.1695833333333333,Beginner,0.1695833333333333,True
IT21486646,Data Analyst,Hypothesis Testing,1.0,0.1375,Beginner,0.1375,True
IT21486687,Data Analyst,Hypothesis Testing,1.0,0.15125,Beginner,0.15125,True
IT21486732,Data Analyst,Hypothesis Testing,1.0,0.1054166666666666,Beginner,0.1054166666666666,True
IT21491319,Data Analyst,Hypothesis Testing,1.0,0.1375,Beginner,0.1375,True
IT21493168,Data Analyst,Hypothesis Testing,1.0,0.0916666666666666,Beginner,0.0916666666666666,True
IT21493466,Data Analyst,Hypothesis Testing,1.0,0.12375,Beginner,0.12375,True
IT21493755,Data Analyst,Hypothesis Testing,1.0,0.1695833333333333,Beginner,0.1695833333333333,True
IT21494273,Data Analyst,Hypothesis Testing,1.0,0.0916666666666666,Beginner,0.0916666666666666,True
IT21495531,Data Analyst,Hypothesis Testing,1.0,0.1695833333333333,Beginner,0.1695833333333333,True
IT21495799,Data Analyst,Hypothesis Testing,1.0,0.0916666666666666,Beginner,0.0916666666666666,True
IT21495843,Data Analyst,Hypothesis Testing,1.0,0.0916666666666666,Beginner,0.0916666666666666,True
IT21496714,Data Analyst,Hypothesis Testing,1.0,0.12375,Beginner,0.12375,True
IT21498263,Data Analyst,Hypothesis Testing,1.0,0.1054166666666666,Beginner,0.1054166666666666,True
IT21498495,Data Analyst,Hypothesis Testing,1.0,0.1375,Beginner,0.1375,True
IT21499338,Data Analyst,Hypothesis Testing,1.0,0.12375,Beginner,0.12375,True
IT21499351,Data Analyst,Hypothesis Testing,1.0,0.1695833333333333,Beginner,0.1695833333333333,True
IT21499438,Data Analyst,Hypothesis Testing,1.0,0.1054166666666666,Beginner,0.1054166666666666,True
IT21500097,Data Analyst,Hypothesis Testing,1.0,0.12375,Beginner,0.12375,True
IT21503129,Data Analyst,Hypothesis Testing,1.0,0.1695833333333333,Beginner,0.1695833333333333,True
IT21503777,Data Analyst,Hypothesis Testing,1.0,0.15125,Beginner,0.15125,True
IT21505535,Data Analyst,Hypothesis Testing,1.0,0.1375,Beginner,0.1375,True
IT21506332,Data Analyst,Hypothesis Testing,1.0,0.1054166666666666,Beginner,0.1054166666666666,True
IT21509021,Data Analyst,Hypothesis Testing,1.0,0.12375,Beginner,0.12375,True
IT21509775,Data Analyst,Hypothesis Testing,1.0,0.1054166666666666,Beginner,0.1054166666666666,True
IT21510041,Data Analyst,Hypothesis Testing,1.0,0.1833333333333333,Beginner,0.1833333333333333,True
IT21511163,Data Analyst,Hypothesis Testing,1.0,0.15125,Beginner,0.15125,True
IT21512279,Data Analyst,Hypothesis Testing,1.0,0.0916666666666666,Beginner,0.0916666666666666,True
IT21514173,Data Analyst,Hypothesis Testing,1.0,0.1054166666666666,Beginner,0.1054166666666666,True
IT21514407,Data Analyst,Hypothesis Testing,1.0,0.0916666666666666,Beginner,0.0916666666666666,True
IT21514757,Data Analyst,Hypothesis Testing,1.0,0.15125,Beginner,0.15125,True
IT21515644,Data Analyst,Hypothesis Testing,1.0,0.1054166666666666,Beginner,0.1054166666666666,True
IT21516320,Data Analyst,Hypothesis Testing,1.0,0.0916666666666666,Beginner,0.0916666666666666,True
IT21517689,Data Analyst,Hypothesis Testing,1.0,0.15125,Beginner,0.15125,True
IT21519361,Data Analyst,Hypothesis Testing,1.0,0.12375,Beginner,0.12375,True
IT21519394,Data Analyst,Hypothesis Testing,1.0,0.0916666666666666,Beginner,0.0916666666666666,True
IT21521705,Data Analyst,Hypothesis Testing,1.0,0.0916666666666666,Beginner,0.0916666666666666,True
IT21522182,Data Analyst,Hypothesis Testing,1.0,0.1833333333333333,Beginner,0.1833333333333333,True
IT21523747,Data Analyst,Hypothesis Testing,1.0,0.1695833333333333,Beginner,0.1695833333333333,True
IT21523940,Data Analyst,Hypothesis Testing,1.0,0.12375,Beginner,0.12375,True
IT21525324,Data Analyst,Hypothesis Testing,1.0,0.1833333333333333,Beginner,0.1833333333333333,True
IT21525786,Data Analyst,Hypothesis Testing,1.0,0.1833333333333333,Beginner,0.1833333333333333,True
IT21526690,Data Analyst,Hypothesis Testing,1.0,0.15125,Beginner,0.15125,True
IT21526882,Data Analyst,Hypothesis Testing,1.0,0.15125,Beginner,0.15125,True
IT21526916,Data Analyst,Hypothesis Testing,1.0,0.1833333333333333,Beginner,0.1833333333333333,True
IT21528440,Data Analyst,Hypothesis Testing,1.0,0.1054166666666666,Beginner,0.1054166666666666,True
IT21533011,Data Analyst,Hypothesis Testing,1.0,0.0916666666666666,Beginner,0.0916666666666666,True
IT21533738,Data Analyst,Hypothesis Testing,1.0,0.0916666666666666,Beginner,0.0916666666666666,True
IT21534379,Data Analyst,Hypothesis Testing,1.0,0.1695833333333333,Beginner,0.1695833333333333,True
IT21534686,Data Analyst,Hypothesis Testing,1.0,0.1054166666666666,Beginner,0.1054166666666666,True
IT21536522,Data Analyst,Hypothesis Testing,1.0,0.12375,Beginner,0.12375,True
IT21538821,Data Analyst,Hypothesis Testing,1.0,0.1375,Beginner,0.1375,True
IT21540887,Data Analyst,Hypothesis Testing,1.0,0.1375,Beginner,0.1375,True
IT21540945,Data Analyst,Hypothesis Testing,1.0,0.12375,Beginner,0.12375,True
IT21542363,Data Analyst,Hypothesis Testing,1.0,0.12375,Beginner,0.12375,True
IT21542606,Data Analyst,Hypothesis Testing,1.0,0.1833333333333333,Beginner,0.1833333333333333,True
IT21542721,Data Analyst,Hypothesis Testing,1.0,0.1833333333333333,Beginner,0.1833333333333333,True
IT21542811,Data Analyst,Hypothesis Testing,1.0,0.0916666666666666,Beginner,0.0916666666666666,True
IT21543020,Data Analyst,Hypothesis Testing,1.0,0.1695833333333333,Beginner,0.1695833333333333,True
IT21543026,Data Analyst,Hypothesis Testing,1.0,0.12375,Beginner,0.12375,True
IT21543242,Data Analyst,Hypothesis Testing,1.0,0.15125,Beginner,0.15125,True
IT21543478,Data Analyst,Hypothesis Testing,1.0,0.1833333333333333,Beginner,0.1833333333333333,True
IT21543737,Data Analyst,Hypothesis Testing,1.0,0.15125,Beginner,0.15125,True
IT21544726,Data Analyst,Hypothesis Testing,1.0,0.12375,Beginner,0.12375,True
IT21544986,Data Analyst,Hypothesis Testing,1.0,0.1833333333333333,Beginner,0.1833333333333333,True
IT21547889,Data Analyst,Hypothesis Testing,1.0,0.15125,Beginner,0.15125,True
IT21549789,Data Analyst,Hypothesis Testing,1.0,0.15125,Beginner,0.15125,True
IT21551711,Data Analyst,Hypothesis Testing,1.0,0.12375,Beginner,0.12375,True
IT21551823,Data Analyst,Hypothesis Testing,1.0,0.15125,Beginner,0.15125,True
IT21553088,Data Analyst,Hypothesis Testing,1.0,0.1833333333333333,Beginner,0.1833333333333333,True
IT21553207,Data Analyst,Hypothesis Testing,1.0,0.1375,Beginner,0.1375,True
IT21553748,Data Analyst,Hypothesis Testing,1.0,0.1695833333333333,Beginner,0.1695833333333333,True
IT21557754,Data Analyst,Hypothesis Testing,1.0,0.1054166666666666,Beginner,0.1054166666666666,True
IT21559927,Data Analyst,Hypothesis Testing,1.0,0.1695833333333333,Beginner,0.1695833333333333,True
IT21560381,Data Analyst,Hypothesis Testing,1.0,0.1695833333333333,Beginner,0.1695833333333333,True
IT21560499,Data Analyst,Hypothesis Testing,1.0,0.1695833333333333,Beginner,0.1695833333333333,True
IT21561072,Data Analyst,Hypothesis Testing,1.0,0.15125,Beginner,0.15125,True
IT21562540,Data Analyst,Hypothesis Testing,1.0,0.1054166666666666,Beginner,0.1054166666666666,True
IT21563092,Data Analyst,Hypothesis Testing,1.0,0.1695833333333333,Beginner,0.1695833333333333,True
IT21563287,Data Analyst,Hypothesis Testing,1.0,0.1695833333333333,Beginner,0.1695833333333333,True
IT21567316,Data Analyst,Hypothesis Testing,1.0,0.1695833333333333,Beginner,0.1695833333333333,True
IT21567983,Data Analyst,Hypothesis Testing,1.0,0.1833333333333333,Beginner,0.1833333333333333,True
IT21568009,Data Analyst,Hypothesis Testing,1.0,0.12375,Beginner,0.12375,True
IT21568509,Data Analyst,Hypothesis Testing,1.0,0.1054166666666666,Beginner,0.1054166666666666,True
IT21569273,Data Analyst,Hypothesis Testing,1.0,0.1375,Beginner,0.1375,True
IT21569321,Data Analyst,Hypothesis Testing,1.0,0.1695833333333333,Beginner,0.1695833333333333,True
IT21570527,Data Analyst,Hypothesis Testing,1.0,0.1833333333333333,Beginner,0.1833333333333333,True
IT21571342,Data Analyst,Hypothesis Testing,1.0,0.1054166666666666,Beginner,0.1054166666666666,True
IT21573064,Data Analyst,Hypothesis Testing,1.0,0.15125,Beginner,0.15125,True
IT21573081,Data Analyst,Hypothesis Testing,1.0,0.0916666666666666,Beginner,0.0916666666666666,True
IT21574714,Data Analyst,Hypothesis Testing,1.0,0.15125,Beginner,0.15125,True
IT21578419,Data Analyst,Hypothesis Testing,1.0,0.1833333333333333,Beginner,0.1833333333333333,True
IT21578847,Data Analyst,Hypothesis Testing,1.0,0.12375,Beginner,0.12375,True
IT21580580,Data Analyst,Hypothesis Testing,1.0,0.12375,Beginner,0.12375,True
IT21582266,Data Analyst,Hypothesis Testing,1.0,0.15125,Beginner,0.15125,True
IT21584161,Data Analyst,Hypothesis Testing,1.0,0.1833333333333333,Beginner,0.1833333333333333,True
IT21584941,Data Analyst,Hypothesis Testing,1.0,0.1054166666666666,Beginner,0.1054166666666666,True
IT21585044,Data Analyst,Hypothesis Testing,1.0,0.12375,Beginner,0.12375,True
IT21585819,Data Analyst,Hypothesis Testing,1.0,0.1695833333333333,Beginner,0.1695833333333333,True
IT21585828,Data Analyst,Hypothesis Testing,1.0,0.15125,Beginner,0.15125,True
IT21587745,Data Analyst,Hypothesis Testing,1.0,0.1833333333333333,Beginner,0.1833333333333333,True
IT21588790,Data Analyst,Hypothesis Testing,1.0,0.1833333333333333,Beginner,0.1833333333333333,True
IT21589218,Data Analyst,Hypothesis Testing,1.0,0.0916666666666666,Beginner,0.0916666666666666,True
IT21589248,Data Analyst,Hypothesis Testing,1.0,0.1695833333333333,Beginner,0.1695833333333333,True
IT21590678,Data Analyst,Hypothesis Testing,1.0,0.12375,Beginner,0.12375,True
IT21593743,Data Analyst,Hypothesis Testing,1.0,0.1695833333333333,Beginner,0.1695833333333333,True
IT21595628,Data Analyst,Hypothesis Testing,1.0,0.15125,Beginner,0.15125,True
IT21597676,Data Analyst,Hypothesis Testing,1.0,0.15125,Beginner,0.15125,True
IT21598210,Data Analyst,Hypothesis Testing,1.0,0.1695833333333333,Beginner,0.1695833333333333,True
IT21598319,Data Analyst,Hypothesis Testing,1.0,0.1695833333333333,Beginner,0.1695833333333333,True
IT21599580,Data Analyst,Hypothesis Testing,1.0,0.1695833333333333,Beginner,0.1695833333333333,True
IT21599610,Data Analyst,Hypothesis Testing,1.0,0.1054166666666666,Beginner,0.1054166666666666,True
IT21603603,Data Analyst,Hypothesis Testing,1.0,0.1695833333333333,Beginner,0.1695833333333333,True
IT21605631,Data Analyst,Hypothesis Testing,1.0,0.0916666666666666,Beginner,0.0916666666666666,True
IT21606900,Data Analyst,Hypothesis Testing,1.0,0.0916666666666666,Beginner,0.0916666666666666,True
IT21607919,Data Analyst,Hypothesis Testing,1.0,0.0916666666666666,Beginner,0.0916666666666666,True
IT21609486,Data Analyst,Hypothesis Testing,1.0,0.1375,Beginner,0.1375,True
IT21609651,Data Analyst,Hypothesis Testing,1.0,0.1375,Beginner,0.1375,True
IT21609793,Data Analyst,Hypothesis Testing,1.0,0.1054166666666666,Beginner,0.1054166666666666,True
IT21610479,Data Analyst,Hypothesis Testing,1.0,0.1833333333333333,Beginner,0.1833333333333333,True
IT21611084,Data Analyst,Hypothesis Testing,1.0,0.1695833333333333,Beginner,0.1695833333333333,True
IT21611921,Data Analyst,Hypothesis Testing,1.0,0.1833333333333333,Beginner,0.1833333333333333,True
IT21612703,Data Analyst,Hypothesis Testing,1.0,0.12375,Beginner,0.12375,True
IT21614248,Data Analyst,Hypothesis Testing,1.0,0.15125,Beginner,0.15125,True
IT21616037,Data Analyst,Hypothesis Testing,1.0,0.0916666666666666,Beginner,0.0916666666666666,True
IT21616176,Data Analyst,Hypothesis Testing,1.0,0.1375,Beginner,0.1375,True
IT21616954,Data Analyst,Hypothesis Testing,1.0,0.15125,Beginner,0.15125,True
IT21617856,Data Analyst,Hypothesis Testing,1.0,0.1695833333333333,Beginner,0.1695833333333333,True
IT21618579,Data Analyst,Hypothesis Testing,1.0,0.1375,Beginner,0.1375,True
IT21618612,Data Analyst,Hypothesis Testing,1.0,0.1695833333333333,Beginner,0.1695833333333333,True
IT21619306,Data Analyst,Hypothesis Testing,1.0,0.1695833333333333,Beginner,0.1695833333333333,True
IT21620487,Data Analyst,Hypothesis Testing,1.0,0.1375,Beginner,0.1375,True
IT21620964,Data Analyst,Hypothesis Testing,1.0,0.1054166666666666,Beginner,0.1054166666666666,True
IT21621334,Data Analyst,Hypothesis Testing,1.0,0.15125,Beginner,0.15125,True
IT21623529,Data Analyst,Hypothesis Testing,1.0,0.0916666666666666,Beginner,0.0916666666666666,True
IT21626640,Data Analyst,Hypothesis Testing,1.0,0.1375,Beginner,0.1375,True
IT21627433,Data Analyst,Hypothesis Testing,1.0,0.1833333333333333,Beginner,0.1833333333333333,True
IT21628819,Data Analyst,Hypothesis Testing,1.0,0.15125,Beginner,0.15125,True
IT21629652,Data Analyst,Hypothesis Testing,1.0,0.1054166666666666,Beginner,0.1054166666666666,True
IT21630000,Data Analyst,Hypothesis Testing,1.0,0.15125,Beginner,0.15125,True
IT21630339,Data Analyst,Hypothesis Testing,1.0,0.1695833333333333,Beginner,0.1695833333333333,True
IT21631506,Data Analyst,Hypothesis Testing,1.0,0.0916666666666666,Beginner,0.0916666666666666,True
IT21632174,Data Analyst,Hypothesis Testing,1.0,0.12375,Beginner,0.12375,True
IT21632644,Data Analyst,Hypothesis Testing,1.0,0.15125,Beginner,0.15125,True
IT21633163,Data Analyst,Hypothesis Testing,1.0,0.1695833333333333,Beginner,0.1695833333333333,True
IT21633770,Data Analyst,Hypothesis Testing,1.0,0.12375,Beginner,0.12375,True
IT21634150,Data Analyst,Hypothesis Testing,1.0,0.1833333333333333,Beginner,0.1833333333333333,True
IT21636040,Data Analyst,Hypothesis Testing,1.0,0.1054166666666666,Beginner,0.1054166666666666,True
IT21636377,Data Analyst,Hypothesis Testing,1.0,0.12375,Beginner,0.12375,True
IT21637852,Data Analyst,Hypothesis Testing,1.0,0.15125,Beginner,0.15125,True
IT21638037,Data Analyst,Hypothesis Testing,1.0,0.1054166666666666,Beginner,0.1054166666666666,True
IT21638907,Data Analyst,Hypothesis Testing,1.0,0.1695833333333333,Beginner,0.1695833333333333,True
IT21641510,Data Analyst,Hypothesis Testing,1.0,0.1054166666666666,Beginner,0.1054166666666666,True
IT21642361,Data Analyst,Hypothesis Testing,1.0,0.15125,Beginner,0.15125,True
IT21643925,Data Analyst,Hypothesis Testing,1.0,0.12375,Beginner,0.12375,True
IT21643951,Data Analyst,Hypothesis Testing,1.0,0.1375,Beginner,0.1375,True
IT21646340,Data Analyst,Hypothesis Testing,1.0,0.1375,Beginner,0.1375,True
IT21646496,Data Analyst,Hypothesis Testing,1.0,0.1833333333333333,Beginner,0.1833333333333333,True
IT21647454,Data Analyst,Hypothesis Testing,1.0,0.1833333333333333,Beginner,0.1833333333333333,True
IT21647490,Data Analyst,Hypothesis Testing,1.0,0.12375,Beginner,0.12375,True
IT21647610,Data Analyst,Hypothesis Testing,1.0,0.1375,Beginner,0.1375,True
IT21648557,Data Analyst,Hypothesis Testing,1.0,0.1054166666666666,Beginner,0.1054166666666666,True
IT21651343,Data Analyst,Hypothesis Testing,1.0,0.1695833333333333,Beginner,0.1695833333333333,True
IT21651621,Data Analyst,Hypothesis Testing,1.0,0.15125,Beginner,0.15125,True
IT21651628,Data Analyst,Hypothesis Testing,1.0,0.1833333333333333,Beginner,0.1833333333333333,True
IT21652140,Data Analyst,Hypothesis Testing,1.0,0.12375,Beginner,0.12375,True
IT21652486,Data Analyst,Hypothesis Testing,1.0,0.12375,Beginner,0.12375,True
IT21652494,Data Analyst,Hypothesis Testing,1.0,0.1375,Beginner,0.1375,True
IT21655397,Data Analyst,Hypothesis Testing,1.0,0.0916666666666666,Beginner,0.0916666666666666,True
IT21655666,Data Analyst,Hypothesis Testing,1.0,0.1833333333333333,Beginner,0.1833333333333333,True
IT21656998,Data Analyst,Hypothesis Testing,1.0,0.15125,Beginner,0.15125,True
IT21657402,Data Analyst,Hypothesis Testing,1.0,0.1054166666666666,Beginner,0.1054166666666666,True
IT21657440,Data Analyst,Hypothesis Testing,1.0,0.12375,Beginner,0.12375,True
IT21658053,Data Analyst,Hypothesis Testing,1.0,0.12375,Beginner,0.12375,True
IT21658335,Data Analyst,Hypothesis Testing,1.0,0.1695833333333333,Beginner,0.1695833333333333,True
IT21658386,Data Analyst,Hypothesis Testing,1.0,0.1375,Beginner,0.1375,True
IT21658898,Data Analyst,Hypothesis Testing,1.0,0.12375,Beginner,0.12375,True
IT21660374,Data Analyst,Hypothesis Testing,1.0,0.12375,Beginner,0.12375,True
IT21660946,Data Analyst,Hypothesis Testing,1.0,0.0916666666666666,Beginner,0.0916666666666666,True
IT21661208,Data Analyst,Hypothesis Testing,1.0,0.0916666666666666,Beginner,0.0916666666666666,True
IT21661300,Data Analyst,Hypothesis Testing,1.0,0.1375,Beginner,0.1375,True
IT21662289,Data Analyst,Hypothesis Testing,1.0,0.1833333333333333,Beginner,0.1833333333333333,True
IT21663291,Data Analyst,Hypothesis Testing,1.0,0.1375,Beginner,0.1375,True
IT21664019,Data Analyst,Hypothesis Testing,1.0,0.15125,Beginner,0.15125,True
IT21671169,Data Analyst,Hypothesis Testing,1.0,0.1375,Beginner,0.1375,True
IT21673498,Data Analyst,Hypothesis Testing,1.0,0.1833333333333333,Beginner,0.1833333333333333,True
IT21673544,Data Analyst,Hypothesis Testing,1.0,0.1375,Beginner,0.1375,True
IT21673894,Data Analyst,Hypothesis Testing,1.0,0.0916666666666666,Beginner,0.0916666666666666,True
IT21674227,Data Analyst,Hypothesis Testing,1.0,0.1054166666666666,Beginner,0.1054166666666666,True
IT21675050,Data Analyst,Hypothesis Testing,1.0,0.12375,Beginner,0.12375,True
IT21675529,Data Analyst,Hypothesis Testing,1.0,0.0916666666666666,Beginner,0.0916666666666666,True
IT21675697,Data Analyst,Hypothesis Testing,1.0,0.12375,Beginner,0.12375,True
IT21676404,Data Analyst,Hypothesis Testing,1.0,0.1695833333333333,Beginner,0.1695833333333333,True
IT21676973,Data Analyst,Hypothesis Testing,1.0,0.12375,Beginner,0.12375,True
IT21677206,Data Analyst,Hypothesis Testing,1.0,0.15125,Beginner,0.15125,True
IT21677359,Data Analyst,Hypothesis Testing,1.0,0.1054166666666666,Beginner,0.1054166666666666,True
IT21677443,Data Analyst,Hypothesis Testing,1.0,0.1695833333333333,Beginner,0.1695833333333333,True
IT21681962,Data Analyst,Hypothesis Testing,1.0,0.1375,Beginner,0.1375,True
IT21682762,Data Analyst,Hypothesis Testing,1.0,0.1375,Beginner,0.1375,True
IT21683572,Data Analyst,Hypothesis Testing,1.0,0.15125,Beginner,0.15125,True
IT21684536,Data Analyst,Hypothesis Testing,1.0,0.1375,Beginner,0.1375,True
IT21685507,Data Analyst,Hypothesis Testing,1.0,0.15125,Beginner,0.15125,True
IT21686650,Data Analyst,Hypothesis Testing,1.0,0.1833333333333333,Beginner,0.1833333333333333,True
IT21689625,Data Analyst,Hypothesis Testing,1.0,0.1833333333333333,Beginner,0.1833333333333333,True
IT21693679,Data Analyst,Hypothesis Testing,1.0,0.1695833333333333,Beginner,0.1695833333333333,True
IT21694545,Data Analyst,Hypothesis Testing,1.0,0.1833333333333333,Beginner,0.1833333333333333,True
IT21695280,Data Analyst,Hypothesis Testing,1.0,0.1833333333333333,Beginner,0.1833333333333333,True
IT21695400,Data Analyst,Hypothesis Testing,1.0,0.12375,Beginner,0.12375,True
IT21695671,Data Analyst,Hypothesis Testing,1.0,0.1833333333333333,Beginner,0.1833333333333333,True
IT21696072,Data Analyst,Hypothesis Testing,1.0,0.1695833333333333,Beginner,0.1695833333333333,True
IT21697320,Data Analyst,Hypothesis Testing,1.0,0.1054166666666666,Beginner,0.1054166666666666,True
IT21697388,Data Analyst,Hypothesis Testing,1.0,0.1375,Beginner,0.1375,True
IT21699308,Data Analyst,Hypothesis Testing,1.0,0.1695833333333333,Beginner,0.1695833333333333,True
IT21699337,Data Analyst,Hypothesis Testing,1.0,0.1375,Beginner,0.1375,True
IT21699902,Data Analyst,Hypothesis Testing,1.0,0.1054166666666666,Beginner,0.1054166666666666,True
IT21700038,Data Analyst,Hypothesis Testing,1.0,0.1375,Beginner,0.1375,True
IT21700952,Data Analyst,Hypothesis Testing,1.0,0.15125,Beginner,0.15125,True
IT21700995,Data Analyst,Hypothesis Testing,1.0,0.1054166666666666,Beginner,0.1054166666666666,True
IT21702161,Data Analyst,Hypothesis Testing,1.0,0.0916666666666666,Beginner,0.0916666666666666,True
IT21702627,Data Analyst,Hypothesis Testing,1.0,0.1695833333333333,Beginner,0.1695833333333333,True
IT21703107,Data Analyst,Hypothesis Testing,1.0,0.1695833333333333,Beginner,0.1695833333333333,True
IT21703146,Data Analyst,Hypothesis Testing,1.0,0.1375,Beginner,0.1375,True
IT21706909,Data Analyst,Hypothesis Testing,1.0,0.1375,Beginner,0.1375,True
IT21707103,Data Analyst,Hypothesis Testing,1.0,0.1833333333333333,Beginner,0.1833333333333333,True
IT21707502,Data Analyst,Hypothesis Testing,1.0,0.1833333333333333,Beginner,0.1833333333333333,True
IT21708086,Data Analyst,Hypothesis Testing,1.0,0.0916666666666666,Beginner,0.0916666666666666,True
IT21708165,Data Analyst,Hypothesis Testing,1.0,0.1833333333333333,Beginner,0.1833333333333333,True
IT21709618,Data Analyst,Hypothesis Testing,1.0,0.15125,Beginner,0.15125,True
IT21712274,Data Analyst,Hypothesis Testing,1.0,0.1695833333333333,Beginner,0.1695833333333333,True
IT21713082,Data Analyst,Hypothesis Testing,1.0,0.15125,Beginner,0.15125,True
IT21714547,Data Analyst,Hypothesis Testing,1.0,0.1695833333333333,Beginner,0.1695833333333333,True
IT21714849,Data Analyst,Hypothesis Testing,1.0,0.1833333333333333,Beginner,0.1833333333333333,True
IT21716339,Data Analyst,Hypothesis Testing,1.0,0.1695833333333333,Beginner,0.1695833333333333,True
IT21717440,Data Analyst,Hypothesis Testing,1.0,0.1695833333333333,Beginner,0.1695833333333333,True
IT21717786,Data Analyst,Hypothesis Testing,1.0,0.1375,Beginner,0.1375,True
IT21719016,Data Analyst,Hypothesis Testing,1.0,0.1375,Beginner,0.1375,True
IT21719209,Data Analyst,Hypothesis Testing,1.0,0.0916666666666666,Beginner,0.0916666666666666,True
IT21720029,Data Analyst,Hypothesis Testing,1.0,0.0916666666666666,Beginner,0.0916666666666666,True
IT21720222,Data Analyst,Hypothesis Testing,1.0,0.1375,Beginner,0.1375,True
IT21721663,Data Analyst,Hypothesis Testing,1.0,0.0916666666666666,Beginner,0.0916666666666666,True
IT21722778,Data Analyst,Hypothesis Testing,1.0,0.12375,Beginner,0.12375,True
IT21722890,Data Analyst,Hypothesis Testing,1.0,0.1695833333333333,Beginner,0.1695833333333333,True
IT21723673,Data Analyst,Hypothesis Testing,1.0,0.1695833333333333,Beginner,0.1695833333333333,True
IT21724526,Data Analyst,Hypothesis Testing,1.0,0.1833333333333333,Beginner,0.1833333333333333,True
IT21724988,Data Analyst,Hypothesis Testing,1.0,0.12375,Beginner,0.12375,True
IT21725648,Data Analyst,Hypothesis Testing,1.0,0.1054166666666666,Beginner,0.1054166666666666,True
IT21725659,Data Analyst,Hypothesis Testing,1.0,0.1375,Beginner,0.1375,True
IT21726693,Data Analyst,Hypothesis Testing,1.0,0.1833333333333333,Beginner,0.1833333333333333,True
IT21726714,Data Analyst,Hypothesis Testing,1.0,0.15125,Beginner,0.15125,True
IT21726988,Data Analyst,Hypothesis Testing,1.0,0.1833333333333333,Beginner,0.1833333333333333,True
IT21728439,Data Analyst,Hypothesis Testing,1.0,0.15125,Beginner,0.15125,True
IT21728546,Data Analyst,Hypothesis Testing,1.0,0.0916666666666666,Beginner,0.0916666666666666,True
IT21729093,Data Analyst,Hypothesis Testing,1.0,0.12375,Beginner,0.12375,True
IT21731817,Data Analyst,Hypothesis Testing,1.0,0.15125,Beginner,0.15125,True
IT21731973,Data Analyst,Hypothesis Testing,1.0,0.1375,Beginner,0.1375,True
IT21732354,Data Analyst,Hypothesis Testing,1.0,0.12375,Beginner,0.12375,True
IT21733004,Data Analyst,Hypothesis Testing,1.0,0.1054166666666666,Beginner,0.1054166666666666,True
IT21733027,Data Analyst,Hypothesis Testing,1.0,0.1054166666666666,Beginner,0.1054166666666666,True
IT21733144,Data Analyst,Hypothesis Testing,1.0,0.1054166666666666,Beginner,0.1054166666666666,True
IT21735298,Data Analyst,Hypothesis Testing,1.0,0.12375,Beginner,0.12375,True
IT21735748,Data Analyst,Hypothesis Testing,1.0,0.1375,Beginner,0.1375,True
IT21735936,Data Analyst,Hypothesis Testing,1.0,0.1054166666666666,Beginner,0.1054166666666666,True
IT21738205,Data Analyst,Hypothesis Testing,1.0,0.15125,Beginner,0.15125,True
IT21738464,Data Analyst,Hypothesis Testing,1.0,0.1054166666666666,Beginner,0.1054166666666666,True
IT21738923,Data Analyst,Hypothesis Testing,1.0,0.0916666666666666,Beginner,0.0916666666666666,True
IT21739002,Data Analyst,Hypothesis Testing,1.0,0.12375,Beginner,0.12375,True
IT21739847,Data Analyst,Hypothesis Testing,1.0,0.1375,Beginner,0.1375,True
IT21740041,Data Analyst,Hypothesis Testing,1.0,0.0916666666666666,Beginner,0.0916666666666666,True
IT21745925,Data Analyst,Hypothesis Testing,1.0,0.0916666666666666,Beginner,0.0916666666666666,True
IT21745976,Data Analyst,Hypothesis Testing,1.0,0.1375,Beginner,0.1375,True
IT21746116,Data Analyst,Hypothesis Testing,1.0,0.12375,Beginner,0.12375,True
IT21746351,Data Analyst,Hypothesis Testing,1.0,0.15125,Beginner,0.15125,True
IT21747126,Data Analyst,Hypothesis Testing,1.0,0.12375,Beginner,0.12375,True
IT21748107,Data Analyst,Hypothesis Testing,1.0,0.15125,Beginner,0.15125,True
IT21751641,Data Analyst,Hypothesis Testing,1.0,0.1833333333333333,Beginner,0.1833333333333333,True
IT21753153,Data Analyst,Hypothesis Testing,1.0,0.1375,Beginner,0.1375,True
IT21754202,Data Analyst,Hypothesis Testing,1.0,0.1695833333333333,Beginner,0.1695833333333333,True
IT21755640,Data Analyst,Hypothesis Testing,1.0,0.1375,Beginner,0.1375,True
IT21756283,Data Analyst,Hypothesis Testing,1.0,0.12375,Beginner,0.12375,True
IT21756603,Data Analyst,Hypothesis Testing,1.0,0.1054166666666666,Beginner,0.1054166666666666,True
IT21758145,Data Analyst,Hypothesis Testing,1.0,0.1375,Beginner,0.1375,True
IT21758594,Data Analyst,Hypothesis Testing,1.0,0.12375,Beginner,0.12375,True
IT21759200,Data Analyst,Hypothesis Testing,1.0,0.1833333333333333,Beginner,0.1833333333333333,True
IT21761214,Data Analyst,Hypothesis Testing,1.0,0.15125,Beginner,0.15125,True
IT21761772,Data Analyst,Hypothesis Testing,1.0,0.0916666666666666,Beginner,0.0916666666666666,True
IT21762942,Data Analyst,Hypothesis Testing,1.0,0.0916666666666666,Beginner,0.0916666666666666,True
IT21763546,Data Analyst,Hypothesis Testing,1.0,0.1695833333333333,Beginner,0.1695833333333333,True
IT21763993,Data Analyst,Hypothesis Testing,1.0,0.15125,Beginner,0.15125,True
IT21767610,Data Analyst,Hypothesis Testing,1.0,0.12375,Beginner,0.12375,True
IT21768351,Data Analyst,Hypothesis Testing,1.0,0.1375,Beginner,0.1375,True
IT21773232,Data Analyst,Hypothesis Testing,1.0,0.12375,Beginner,0.12375,True
IT21774519,Data Analyst,Hypothesis Testing,1.0,0.1695833333333333,Beginner,0.1695833333333333,True
IT21774761,Data Analyst,Hypothesis Testing,1.0,0.1375,Beginner,0.1375,True
IT21775284,Data Analyst,Hypothesis Testing,1.0,0.1833333333333333,Beginner,0.1833333333333333,True
IT21778937,Data Analyst,Hypothesis Testing,1.0,0.1375,Beginner,0.1375,True
IT21779898,Data Analyst,Hypothesis Testing,1.0,0.1375,Beginner,0.1375,True
IT21780695,Data Analyst,Hypothesis Testing,1.0,0.1695833333333333,Beginner,0.1695833333333333,True
IT21781822,Data Analyst,Hypothesis Testing,1.0,0.15125,Beginner,0.15125,True
IT21781910,Data Analyst,Hypothesis Testing,1.0,0.15125,Beginner,0.15125,True
IT21782169,Data Analyst,Hypothesis Testing,1.0,0.12375,Beginner,0.12375,True
IT21782935,Data Analyst,Hypothesis Testing,1.0,0.12375,Beginner,0.12375,True
IT21785043,Data Analyst,Hypothesis Testing,1.0,0.15125,Beginner,0.15125,True
IT21786730,Data Analyst,Hypothesis Testing,1.0,0.1695833333333333,Beginner,0.1695833333333333,True
IT21787159,Data Analyst,Hypothesis Testing,1.0,0.1833333333333333,Beginner,0.1833333333333333,True
IT21787722,Data Analyst,Hypothesis Testing,1.0,0.1833333333333333,Beginner,0.1833333333333333,True
IT21787733,Data Analyst,Hypothesis Testing,1.0,0.1833333333333333,Beginner,0.1833333333333333,True
IT21788949,Data Analyst,Hypothesis Testing,1.0,0.1054166666666666,Beginner,0.1054166666666666,True
IT21789069,Data Analyst,Hypothesis Testing,1.0,0.1833333333333333,Beginner,0.1833333333333333,True
IT21793835,Data Analyst,Hypothesis Testing,1.0,0.15125,Beginner,0.15125,True
IT21797165,Data Analyst,Hypothesis Testing,1.0,0.1695833333333333,Beginner,0.1695833333333333,True
IT21797244,Data Analyst,Hypothesis Testing,1.0,0.0916666666666666,Beginner,0.0916666666666666,True
IT21797693,Data Analyst,Hypothesis Testing,1.0,0.1695833333333333,Beginner,0.1695833333333333,True
IT21797939,Data Analyst,Hypothesis Testing,1.0,0.1054166666666666,Beginner,0.1054166666666666,True
IT21798169,Data Analyst,Hypothesis Testing,1.0,0.0916666666666666,Beginner,0.0916666666666666,True
IT21798346,Data Analyst,Hypothesis Testing,1.0,0.1054166666666666,Beginner,0.1054166666666666,True
IT21799483,Data Analyst,Hypothesis Testing,1.0,0.15125,Beginner,0.15125,True
IT21800326,Data Analyst,Hypothesis Testing,1.0,0.1054166666666666,Beginner,0.1054166666666666,True
IT21800366,Data Analyst,Hypothesis Testing,1.0,0.15125,Beginner,0.15125,True
IT21800917,Data Analyst,Hypothesis Testing,1.0,0.0916666666666666,Beginner,0.0916666666666666,True
IT21800951,Data Analyst,Hypothesis Testing,1.0,0.0916666666666666,Beginner,0.0916666666666666,True
IT21800970,Data Analyst,Hypothesis Testing,1.0,0.1054166666666666,Beginner,0.1054166666666666,True
IT21801545,Data Analyst,Hypothesis Testing,1.0,0.12375,Beginner,0.12375,True
IT21801992,Data Analyst,Hypothesis Testing,1.0,0.1054166666666666,Beginner,0.1054166666666666,True
IT21802762,Data Analyst,Hypothesis Testing,1.0,0.1833333333333333,Beginner,0.1833333333333333,True
IT21802804,Data Analyst,Hypothesis Testing,1.0,0.0916666666666666,Beginner,0.0916666666666666,True
IT21803138,Data Analyst,Hypothesis Testing,1.0,0.1833333333333333,Beginner,0.1833333333333333,True
IT21803568,Data Analyst,Hypothesis Testing,1.0,0.15125,Beginner,0.15125,True
IT21804402,Data Analyst,Hypothesis Testing,1.0,0.0916666666666666,Beginner,0.0916666666666666,True
IT21806224,Data Analyst,Hypothesis Testing,1.0,0.15125,Beginner,0.15125,True
IT21807260,Data Analyst,Hypothesis Testing,1.0,0.15125,Beginner,0.15125,True
IT21807933,Data Analyst,Hypothesis Testing,1.0,0.0916666666666666,Beginner,0.0916666666666666,True
IT21809946,Data Analyst,Hypothesis Testing,1.0,0.15125,Beginner,0.15125,True
IT21810205,Data Analyst,Hypothesis Testing,1.0,0.1375,Beginner,0.1375,True
IT21814117,Data Analyst,Hypothesis Testing,1.0,0.1375,Beginner,0.1375,True
IT21815794,Data Analyst,Hypothesis Testing,1.0,0.12375,Beginner,0.12375,True
IT21816539,Data Analyst,Hypothesis Testing,1.0,0.0916666666666666,Beginner,0.0916666666666666,True
IT21816878,Data Analyst,Hypothesis Testing,1.0,0.1695833333333333,Beginner,0.1695833333333333,True
IT21819088,Data Analyst,Hypothesis Testing,1.0,0.1833333333333333,Beginner,0.1833333333333333,True
IT21819581,Data Analyst,Hypothesis Testing,1.0,0.1054166666666666,Beginner,0.1054166666666666,True
IT21820159,Data Analyst,Hypothesis Testing,1.0,0.12375,Beginner,0.12375,True
IT21820399,Data Analyst,Hypothesis Testing,1.0,0.1695833333333333,Beginner,0.1695833333333333,True
IT21820738,Data Analyst,Hypothesis Testing,1.0,0.12375,Beginner,0.12375,True
IT21821760,Data Analyst,Hypothesis Testing,1.0,0.1375,Beginner,0.1375,True
IT21822123,Data Analyst,Hypothesis Testing,1.0,0.0916666666666666,Beginner,0.0916666666666666,True
IT21822287,Data Analyst,Hypothesis Testing,1.0,0.15125,Beginner,0.15125,True
IT21822670,Data Analyst,Hypothesis Testing,1.0,0.0916666666666666,Beginner,0.0916666666666666,True
IT21822761,Data Analyst,Hypothesis Testing,1.0,0.1054166666666666,Beginner,0.1054166666666666,True
IT21823140,Data Analyst,Hypothesis Testing,1.0,0.1695833333333333,Beginner,0.1695833333333333,True
IT21825121,Data Analyst,Hypothesis Testing,1.0,0.1695833333333333,Beginner,0.1695833333333333,True
IT21826260,Data Analyst,Hypothesis Testing,1.0,0.1695833333333333,Beginner,0.1695833333333333,True
IT21826631,Data Analyst,Hypothesis Testing,1.0,0.0916666666666666,Beginner,0.0916666666666666,True
IT21830534,Data Analyst,Hypothesis Testing,1.0,0.12375,Beginner,0.12375,True
IT21832388,Data Analyst,Hypothesis Testing,1.0,0.15125,Beginner,0.15125,True
IT21834414,Data Analyst,Hypothesis Testing,1.0,0.12375,Beginner,0.12375,True
IT21834498,Data Analyst,Hypothesis Testing,1.0,0.1054166666666666,Beginner,0.1054166666666666,True
IT21834666,Data Analyst,Hypothesis Testing,1.0,0.0916666666666666,Beginner,0.0916666666666666,True
IT21836098,Data Analyst,Hypothesis Testing,1.0,0.0916666666666666,Beginner,0.0916666666666666,True
IT21837356,Data Analyst,Hypothesis Testing,1.0,0.0916666666666666,Beginner,0.0916666666666666,True
IT21837931,Data Analyst,Hypothesis Testing,1.0,0.1833333333333333,Beginner,0.1833333333333333,True
IT21838231,Data Analyst,Hypothesis Testing,1.0,0.1375,Beginner,0.1375,True
IT21841367,Data Analyst,Hypothesis Testing,1.0,0.1375,Beginner,0.1375,True
IT21842472,Data Analyst,Hypothesis Testing,1.0,0.0916666666666666,Beginner,0.0916666666666666,True
IT21842923,Data Analyst,Hypothesis Testing,1.0,0.12375,Beginner,0.12375,True
IT21843023,Data Analyst,Hypothesis Testing,1.0,0.1695833333333333,Beginner,0.1695833333333333,True
IT21843340,Data Analyst,Hypothesis Testing,1.0,0.15125,Beginner,0.15125,True
IT21844251,Data Analyst,Hypothesis Testing,1.0,0.1054166666666666,Beginner,0.1054166666666666,True
IT21845817,Data Analyst,Hypothesis Testing,1.0,0.12375,Beginner,0.12375,True
IT21845880,Data Analyst,Hypothesis Testing,1.0,0.0916666666666666,Beginner,0.0916666666666666,True
IT21848330,Data Analyst,Hypothesis Testing,1.0,0.1833333333333333,Beginner,0.1833333333333333,True
IT21848739,Data Analyst,Hypothesis Testing,1.0,0.1833333333333333,Beginner,0.1833333333333333,True
IT21848836,Data Analyst,Hypothesis Testing,1.0,0.15125,Beginner,0.15125,True
IT21849013,Data Analyst,Hypothesis Testing,1.0,0.15125,Beginner,0.15125,True
IT21849329,Data Analyst,Hypothesis Testing,1.0,0.1375,Beginner,0.1375,True
IT21850237,Data Analyst,Hypothesis Testing,1.0,0.12375,Beginner,0.12375,True
IT21850457,Data Analyst,Hypothesis Testing,1.0,0.0916666666666666,Beginner,0.0916666666666666,True
IT21851301,Data Analyst,Hypothesis Testing,1.0,0.1695833333333333,Beginner,0.1695833333333333,True
IT21851945,Data Analyst,Hypothesis Testing,1.0,0.0916666666666666,Beginner,0.0916666666666666,True
IT21852755,Data Analyst,Hypothesis Testing,1.0,0.1833333333333333,Beginner,0.1833333333333333,True
IT21852823,Data Analyst,Hypothesis Testing,1.0,0.1833333333333333,Beginner,0.1833333333333333,True
IT21853282,Data Analyst,Hypothesis Testing,1.0,0.12375,Beginner,0.12375,True
IT21855672,Data Analyst,Hypothesis Testing,1.0,0.12375,Beginner,0.12375,True
IT21857761,Data Analyst,Hypothesis Testing,1.0,0.1054166666666666,Beginner,0.1054166666666666,True
IT21857871,Data Analyst,Hypothesis Testing,1.0,0.12375,Beginner,0.12375,True
IT21858633,Data Analyst,Hypothesis Testing,1.0,0.12375,Beginner,0.12375,True
IT21860571,Data Analyst,Hypothesis Testing,1.0,0.1054166666666666,Beginner,0.1054166666666666,True
IT21864908,Data Analyst,Hypothesis Testing,1.0,0.12375,Beginner,0.12375,True
IT21865614,Data Analyst,Hypothesis Testing,1.0,0.1695833333333333,Beginner,0.1695833333333333,True
IT21865893,Data Analyst,Hypothesis Testing,1.0,0.12375,Beginner,0.12375,True
IT21866245,Data Analyst,Hypothesis Testing,1.0,0.1833333333333333,Beginner,0.1833333333333333,True
IT21867534,Data Analyst,Hypothesis Testing,1.0,0.15125,Beginner,0.15125,True
IT21869122,Data Analyst,Hypothesis Testing,1.0,0.1833333333333333,Beginner,0.1833333333333333,True
IT21869814,Data Analyst,Hypothesis Testing,1.0,0.1375,Beginner,0.1375,True
IT21871316,Data Analyst,Hypothesis Testing,1.0,0.1833333333333333,Beginner,0.1833333333333333,True
IT21871920,Data Analyst,Hypothesis Testing,1.0,0.12375,Beginner,0.12375,True
IT21872951,Data Analyst,Hypothesis Testing,1.0,0.1695833333333333,Beginner,0.1695833333333333,True
IT21873249,Data Analyst,Hypothesis Testing,1.0,0.15125,Beginner,0.15125,True
IT21873293,Data Analyst,Hypothesis Testing,1.0,0.15125,Beginner,0.15125,True
IT21873888,Data Analyst,Hypothesis Testing,1.0,0.1833333333333333,Beginner,0.1833333333333333,True
IT21874861,Data Analyst,Hypothesis Testing,1.0,0.12375,Beginner,0.12375,True
IT21875280,Data Analyst,Hypothesis Testing,1.0,0.0916666666666666,Beginner,0.0916666666666666,True
IT21876640,Data Analyst,Hypothesis Testing,1.0,0.1833333333333333,Beginner,0.1833333333333333,True
IT21876901,Data Analyst,Hypothesis Testing,1.0,0.12375,Beginner,0.12375,True
IT21878321,Data Analyst,Hypothesis Testing,1.0,0.1695833333333333,Beginner,0.1695833333333333,True
IT21879095,Data Analyst,Hypothesis Testing,1.0,0.1375,Beginner,0.1375,True
IT21879257,Data Analyst,Hypothesis Testing,1.0,0.15125,Beginner,0.15125,True
IT21881406,Data Analyst,Hypothesis Testing,1.0,0.12375,Beginner,0.12375,True
IT21882136,Data Analyst,Hypothesis Testing,1.0,0.1375,Beginner,0.1375,True
IT21883259,Data Analyst,Hypothesis Testing,1.0,0.1695833333333333,Beginner,0.1695833333333333,True
IT21884853,Data Analyst,Hypothesis Testing,1.0,0.1695833333333333,Beginner,0.1695833333333333,True
IT21884887,Data Analyst,Hypothesis Testing,1.0,0.1054166666666666,Beginner,0.1054166666666666,True
IT21887232,Data Analyst,Hypothesis Testing,1.0,0.1833333333333333,Beginner,0.1833333333333333,True
IT21887907,Data Analyst,Hypothesis Testing,1.0,0.12375,Beginner,0.12375,True
IT21888124,Data Analyst,Hypothesis Testing,1.0,0.1054166666666666,Beginner,0.1054166666666666,True
IT21888961,Data Analyst,Hypothesis Testing,1.0,0.1833333333333333,Beginner,0.1833333333333333,True
IT21890784,Data Analyst,Hypothesis Testing,1.0,0.0916666666666666,Beginner,0.0916666666666666,True
IT21891574,Data Analyst,Hypothesis Testing,1.0,0.1833333333333333,Beginner,0.1833333333333333,True
IT21892131,Data Analyst,Hypothesis Testing,1.0,0.1054166666666666,Beginner,0.1054166666666666,True
IT21892243,Data Analyst,Hypothesis Testing,1.0,0.1375,Beginner,0.1375,True
IT21895041,Data Analyst,Hypothesis Testing,1.0,0.1695833333333333,Beginner,0.1695833333333333,True
IT21896042,Data Analyst,Hypothesis Testing,1.0,0.1695833333333333,Beginner,0.1695833333333333,True
IT21897810,Data Analyst,Hypothesis Testing,1.0,0.1054166666666666,Beginner,0.1054166666666666,True
IT21898074,Data Analyst,Hypothesis Testing,1.0,0.1054166666666666,Beginner,0.1054166666666666,True
IT21898344,Data Analyst,Hypothesis Testing,1.0,0.1375,Beginner,0.1375,True
IT21899599,Data Analyst,Hypothesis Testing,1.0,0.1833333333333333,Beginner,0.1833333333333333,True
IT21900199,Data Analyst,Hypothesis Testing,1.0,0.1695833333333333,Beginner,0.1695833333333333,True
IT21901072,Data Analyst,Hypothesis Testing,1.0,0.15125,Beginner,0.15125,True
IT21905987,Data Analyst,Hypothesis Testing,1.0,0.15125,Beginner,0.15125,True
IT21906047,Data Analyst,Hypothesis Testing,1.0,0.1833333333333333,Beginner,0.1833333333333333,True
IT21907828,Data Analyst,Hypothesis Testing,1.0,0.1695833333333333,Beginner,0.1695833333333333,True
IT21909947,Data Analyst,Hypothesis Testing,1.0,0.12375,Beginner,0.12375,True
IT21911350,Data Analyst,Hypothesis Testing,1.0,0.15125,Beginner,0.15125,True
IT21915638,Data Analyst,Hypothesis Testing,1.0,0.1833333333333333,Beginner,0.1833333333333333,True
IT21915992,Data Analyst,Hypothesis Testing,1.0,0.15125,Beginner,0.15125,True
IT21916117,Data Analyst,Hypothesis Testing,1.0,0.1833333333333333,Beginner,0.1833333333333333,True
IT21916443,Data Analyst,Hypothesis Testing,1.0,0.12375,Beginner,0.12375,True
IT21917976,Data Analyst,Hypothesis Testing,1.0,0.0916666666666666,Beginner,0.0916666666666666,True
IT21918376,Data Analyst,Hypothesis Testing,1.0,0.1054166666666666,Beginner,0.1054166666666666,True
IT21922631,Data Analyst,Hypothesis Testing,1.0,0.0916666666666666,Beginner,0.0916666666666666,True
IT21923315,Data Analyst,Hypothesis Testing,1.0,0.0916666666666666,Beginner,0.0916666666666666,True
IT21924538,Data Analyst,Hypothesis Testing,1.0,0.1695833333333333,Beginner,0.1695833333333333,True
IT21924685,Data Analyst,Hypothesis Testing,1.0,0.15125,Beginner,0.15125,True
IT21928876,Data Analyst,Hypothesis Testing,1.0,0.1833333333333333,Beginner,0.1833333333333333,True
IT21929811,Data Analyst,Hypothesis Testing,1.0,0.0916666666666666,Beginner,0.0916666666666666,True
IT21931389,Data Analyst,Hypothesis Testing,1.0,0.15125,Beginner,0.15125,True
IT21932351,Data Analyst,Hypothesis Testing,1.0,0.1054166666666666,Beginner,0.1054166666666666,True
IT21932596,Data Analyst,Hypothesis Testing,1.0,0.0916666666666666,Beginner,0.0916666666666666,True
IT21934954,Data Analyst,Hypothesis Testing,1.0,0.0916666666666666,Beginner,0.0916666666666666,True
IT21936385,Data Analyst,Hypothesis Testing,1.0,0.1833333333333333,Beginner,0.1833333333333333,True
IT21938764,Data Analyst,Hypothesis Testing,1.0,0.12375,Beginner,0.12375,True
IT21939286,Data Analyst,Hypothesis Testing,1.0,0.1054166666666666,Beginner,0.1054166666666666,True
IT21939427,Data Analyst,Hypothesis Testing,1.0,0.1054166666666666,Beginner,0.1054166666666666,True
IT21939563,Data Analyst,Hypothesis Testing,1.0,0.15125,Beginner,0.15125,True
IT21940845,Data Analyst,Hypothesis Testing,1.0,0.1833333333333333,Beginner,0.1833333333333333,True
IT21941319,Data Analyst,Hypothesis Testing,1.0,0.0916666666666666,Beginner,0.0916666666666666,True
IT21941657,Data Analyst,Hypothesis Testing,1.0,0.1833333333333333,Beginner,0.1833333333333333,True
IT21942321,Data Analyst,Hypothesis Testing,1.0,0.1833333333333333,Beginner,0.1833333333333333,True
IT21943510,Data Analyst,Hypothesis Testing,1.0,0.12375,Beginner,0.12375,True
IT21943696,Data Analyst,Hypothesis Testing,1.0,0.0916666666666666,Beginner,0.0916666666666666,True
IT21944458,Data Analyst,Hypothesis Testing,1.0,0.15125,Beginner,0.15125,True
IT21947251,Data Analyst,Hypothesis Testing,1.0,0.12375,Beginner,0.12375,True
IT21947471,Data Analyst,Hypothesis Testing,1.0,0.1833333333333333,Beginner,0.1833333333333333,True
IT21948141,Data Analyst,Hypothesis Testing,1.0,0.12375,Beginner,0.12375,True
IT21950032,Data Analyst,Hypothesis Testing,1.0,0.12375,Beginner,0.12375,True
IT21950363,Data Analyst,Hypothesis Testing,1.0,0.1375,Beginner,0.1375,True
IT21951931,Data Analyst,Hypothesis Testing,1.0,0.0916666666666666,Beginner,0.0916666666666666,True
IT21953368,Data Analyst,Hypothesis Testing,1.0,0.1833333333333333,Beginner,0.1833333333333333,True
IT21956758,Data Analyst,Hypothesis Testing,1.0,0.1833333333333333,Beginner,0.1833333333333333,True
IT21956800,Data Analyst,Hypothesis Testing,1.0,0.15125,Beginner,0.15125,True
IT21957840,Data Analyst,Hypothesis Testing,1.0,0.12375,Beginner,0.12375,True
IT21958825,Data Analyst,Hypothesis Testing,1.0,0.0916666666666666,Beginner,0.0916666666666666,True
IT21958999,Data Analyst,Hypothesis Testing,1.0,0.1833333333333333,Beginner,0.1833333333333333,True
IT21959475,Data Analyst,Hypothesis Testing,1.0,0.0916666666666666,Beginner,0.0916666666666666,True
IT21961197,Data Analyst,Hypothesis Testing,1.0,0.15125,Beginner,0.15125,True
IT21963322,Data Analyst,Hypothesis Testing,1.0,0.1054166666666666,Beginner,0.1054166666666666,True
IT21963339,Data Analyst,Hypothesis Testing,1.0,0.1054166666666666,Beginner,0.1054166666666666,True
IT21963527,Data Analyst,Hypothesis Testing,1.0,0.1833333333333333,Beginner,0.1833333333333333,True
IT21964419,Data Analyst,Hypothesis Testing,1.0,0.1833333333333333,Beginner,0.1833333333333333,True
IT21964694,Data Analyst,Hypothesis Testing,1.0,0.0916666666666666,Beginner,0.0916666666666666,True
IT21965788,Data Analyst,Hypothesis Testing,1.0,0.1054166666666666,Beginner,0.1054166666666666,True
IT21967003,Data Analyst,Hypothesis Testing,1.0,0.15125,Beginner,0.15125,True
IT21967534,Data Analyst,Hypothesis Testing,1.0,0.1695833333333333,Beginner,0.1695833333333333,True
IT21968235,Data Analyst,Hypothesis Testing,1.0,0.15125,Beginner,0.15125,True
IT21968289,Data Analyst,Hypothesis Testing,1.0,0.1833333333333333,Beginner,0.1833333333333333,True
IT21968646,Data Analyst,Hypothesis Testing,1.0,0.1833333333333333,Beginner,0.1833333333333333,True
IT21969277,Data Analyst,Hypothesis Testing,1.0,0.15125,Beginner,0.15125,True
IT21970219,Data Analyst,Hypothesis Testing,1.0,0.1833333333333333,Beginner,0.1833333333333333,True
IT21970632,Data Analyst,Hypothesis Testing,1.0,0.15125,Beginner,0.15125,True
IT21971082,Data Analyst,Hypothesis Testing,1.0,0.1695833333333333,Beginner,0.1695833333333333,True
IT21973114,Data Analyst,Hypothesis Testing,1.0,0.1375,Beginner,0.1375,True
IT21974061,Data Analyst,Hypothesis Testing,1.0,0.0916666666666666,Beginner,0.0916666666666666,True
IT21974217,Data Analyst,Hypothesis Testing,1.0,0.0916666666666666,Beginner,0.0916666666666666,True
IT21974464,Data Analyst,Hypothesis Testing,1.0,0.15125,Beginner,0.15125,True
IT21975849,Data Analyst,Hypothesis Testing,1.0,0.1833333333333333,Beginner,0.1833333333333333,True
IT21976565,Data Analyst,Hypothesis Testing,1.0,0.1833333333333333,Beginner,0.1833333333333333,True
IT21977350,Data Analyst,Hypothesis Testing,1.0,0.12375,Beginner,0.12375,True
IT21977530,Data Analyst,Hypothesis Testing,1.0,0.1375,Beginner,0.1375,True
IT21981486,Data Analyst,Hypothesis Testing,1.0,0.12375,Beginner,0.12375,True
IT21982547,Data Analyst,Hypothesis Testing,1.0,0.1054166666666666,Beginner,0.1054166666666666,True
IT21982953,Data Analyst,Hypothesis Testing,1.0,0.15125,Beginner,0.15125,True
IT21986148,Data Analyst,Hypothesis Testing,1.0,0.1375,Beginner,0.1375,True
IT21987484,Data Analyst,Hypothesis Testing,1.0,0.12375,Beginner,0.12375,True
IT21989022,Data Analyst,Hypothesis Testing,1.0,0.12375,Beginner,0.12375,True
IT21989726,Data Analyst,Hypothesis Testing,1.0,0.1375,Beginner,0.1375,True
IT21989967,Data Analyst,Hypothesis Testing,1.0,0.0916666666666666,Beginner,0.0916666666666666,True
IT21990760,Data Analyst,Hypothesis Testing,1.0,0.1695833333333333,Beginner,0.1695833333333333,True
IT21990944,Data Analyst,Hypothesis Testing,1.0,0.12375,Beginner,0.12375,True
IT21991163,Data Analyst,Hypothesis Testing,1.0,0.1833333333333333,Beginner,0.1833333333333333,True
IT21992398,Data Analyst,Hypothesis Testing,1.0,0.1375,Beginner,0.1375,True
IT21992527,Data Analyst,Hypothesis Testing,1.0,0.12375,Beginner,0.12375,True
IT21993069,Data Analyst,Hypothesis Testing,1.0,0.1695833333333333,Beginner,0.1695833333333333,True
IT21994363,Data Analyst,Hypothesis Testing,1.0,0.0916666666666666,Beginner,0.0916666666666666,True
IT21996838,Data Analyst,Hypothesis Testing,1.0,0.1695833333333333,Beginner,0.1695833333333333,True
IT21996906,Data Analyst,Hypothesis Testing,1.0,0.1833333333333333,Beginner,0.1833333333333333,True
IT21996977,Data Analyst,Hypothesis Testing,1.0,0.0916666666666666,Beginner,0.0916666666666666,True
IT21997564,Data Analyst,Hypothesis Testing,1.0,0.1833333333333333,Beginner,0.1833333333333333,True
